ni,2012,q1,b1l,6.386822545194985
ni,2012,q1,b1w,18.857587096209098
ni,2012,q1,b2l,73.76184355734901
ni,2012,q1,b2w,212.55260500752385
ni,2012,q1,b3l,229.28244127444972
ni,2012,q1,b3w,662.0028432564794
ni,2012,q1,b4,3144.8823544453176
ni,2012,q1,b5,1340.5155196774629
ni,2012,q1,b6,415.44525907303733
ni,2012,q2,b1l,6.933666281105963
ni,2012,q2,b1w,20.381847030042778
ni,2012,q2,b2l,78.67646563307311
ni,2012,q2,b2w,222.3999270157016
ni,2012,q2,b3l,235.4479358044739
ni,2012,q2,b3w,667.2558108015244
ni,2012,q2,b4,3162.8395177104676
ni,2012,q2,b5,1278.7164593160364
ni,2012,q2,b6,392.3679176819125
ni,2012,q3,b1l,14.134872284573712
ni,2012,q3,b1w,41.6325611840869
ni,2012,q3,b2l,96.93756532065169
ni,2012,q3,b2w,236.5585079812216
ni,2012,q3,b3l,252.04888784102295
ni,2012,q3,b3w,716.4881687378448
ni,2012,q3,b4,3490.873070763489
ni,2012,q3,b5,1403.9476309305232
ni,2012,q3,b6,432.2352042528714
ni,2012,q4,b1l,5.76530073178474
ni,2012,q4,b1w,17.05110736748958
ni,2012,q4,b2l,66.30462039151713
ni,2012,q4,b2w,191.15032294183948
ni,2012,q4,b3l,206.15942623754327
ni,2012,q4,b3w,597.5703277714163
ni,2012,q4,b4,2982.6350778549045
ni,2012,q4,b5,1227.8192163695705
ni,2012,q4,b6,385.3997445332865
si,2012,q1,b1l,3.9619735991378326
si,2012,q1,b1w,11.759817821656455
si,2012,q1,b2l,46.184650437845555
si,2012,q1,b2w,134.0716390157631
si,2012,q1,b3l,145.48174214484203
si,2012,q1,b3w,423.53239051516255
si,2012,q1,b4,2103.9876152632514
si,2012,q1,b5,1048.9636091630923
si,2012,q1,b6,363.12125389979036
si,2012,q2,b1l,3.0848927502542645
si,2012,q2,b1w,9.088808047547207
si,2012,q2,b2l,35.337290078282415
si,2012,q2,b2w,102.17421744558722
si,2012,q2,b3l,109.87015110578909
si,2012,q2,b3w,316.82966540421273
si,2012,q2,b4,1599.9884410487368
si,2012,q2,b5,793.0648845971659
si,2012,q2,b6,277.77633172139986
si,2012,q3,b1l,3.0486551720294717
si,2012,q3,b1w,9.0067562965184
si,2012,q3,b2l,35.21185054952256
si,2012,q3,b2w,102.75235563580861
si,2012,q3,b3l,111.50722348986507
si,2012,q3,b3w,324.32934038666684
si,2012,q3,b4,1696.4036818592535
si,2012,q3,b5,825.1340603066551
si,2012,q3,b6,291.8910090260725
si,2012,q4,b1l,2.9049832086259686
si,2012,q4,b1w,8.58518174902122
si,2012,q4,b2l,33.618708674661264
si,2012,q4,b2w,98.28655924344903
si,2012,q4,b3l,106.80615310396169
si,2012,q4,b3w,311.5336742593892
si,2012,q4,b4,1647.8932422012042
si,2012,q4,b5,813.4741131811103
si,2012,q4,b6,287.08910354166767
ni,2013,q1,b1l,6.562664879203105
ni,2013,q1,b1w,19.37732371444522
ni,2013,q1,b2l,75.79560509958492
ni,2013,q1,b2w,218.40995118639938
ni,2013,q1,b3l,235.59947178899125
ni,2013,q1,b3w,680.227365822705
ni,2013,q1,b4,3231.2974635185765
ni,2013,q1,b5,1377.1641521271063
ni,2013,q1,b6,426.7829751872583
ni,2013,q2,b1l,7.128852232562841
ni,2013,q2,b1w,20.955494340367558
ni,2013,q2,b2l,80.8897864950373
ni,2013,q2,b2w,228.65328947213533
ni,2013,q2,b3l,242.06672707691996
ni,2013,q2,b3w,686.0107545453105
ni,2013,q2,b4,3251.6968040738484
ni,2013,q2,b5,1314.4647958261755
ni,2013,q2,b6,403.3125870060357
ni,2013,q3,b1l,14.489276585678432
ni,2013,q3,b1w,42.676440492292
ni,2013,q3,b2l,99.58017988888346
ni,2013,q3,b2w,243.2276562268467
ni,2013,q3,b3l,259.1513032587207
ni,2013,q3,b3w,736.6613889737382
ni,2013,q3,b4,3589.129797926508
ni,2013,q3,b5,1443.3492160313415
ni,2013,q3,b6,444.3509468336058
ni,2013,q4,b1l,5.926313475571728
ni,2013,q4,b1w,17.527479973819403
ni,2013,q4,b2l,68.15761412907895
ni,2013,q4,b2w,196.49351460067442
ni,2013,q4,b3l,211.92812842702278
ni,2013,q4,b3w,614.3104960987355
ni,2013,q4,b4,3066.23648567416
ni,2013,q4,b5,1262.106508737122
ni,2013,q4,b6,396.16269563153634
si,2013,q1,b1l,4.0634341209378055
si,2013,q1,b1w,12.060418322636988
si,2013,q1,b2l,47.36065708054186
si,2013,q1,b2w,137.46165693085345
si,2013,q1,b3l,149.14242202709363
si,2013,q1,b3w,434.1249823805212
si,2013,q1,b4,2155.1937530745563
si,2013,q1,b5,1073.073904922003
si,2013,q1,b6,371.05844568704134
si,2013,q2,b1l,3.159220175337501
si,2013,q2,b1w,9.307115448495829
si,2013,q2,b2l,36.180035922538316
si,2013,q2,b2w,104.58547814436781
si,2013,q2,b3l,112.43681819611284
si,2013,q2,b3w,324.13649711915025
si,2013,q2,b4,1635.2421555120677
si,2013,q2,b5,809.2200221524316
si,2013,q2,b6,283.0495979477721
si,2013,q3,b1l,3.121794728955072
si,2013,q3,b1w,9.22196310613028
si,2013,q3,b2l,36.0484347814123
si,2013,q3,b2w,105.17674725676153
si,2013,q3,b3l,114.12126228783242
si,2013,q3,b3w,331.86102631005997
si,2013,q3,b4,1734.3450120765817
si,2013,q3,b5,842.3156261172286
si,2013,q3,b6,297.62042915669457
si,2013,q4,b1l,2.9729914157267157
si,2013,q4,b1w,8.785216979855067
si,2013,q4,b2l,34.39713868727496
si,2013,q4,b2w,100.54427249402443
si,2013,q4,b3l,109.24250657831466
si,2013,q4,b3w,318.57516679125155
si,2013,q4,b4,1683.951411397194
si,2013,q4,b5,830.1920593806872
si,2013,q4,b6,292.64358177055595
ni,2014,q1,b1l,6.724228252785249
ni,2014,q1,b1w,19.854847571794078
ni,2014,q1,b2l,77.66437776942198
ni,2014,q1,b2w,223.79165472834686
ni,2014,q1,b3l,241.40366511396323
ni,2014,q1,b3w,696.9692694822735
ni,2014,q1,b4,3310.632616935627
ni,2014,q1,b5,1410.7548004951066
ni,2014,q1,b6,437.1779770443558
ni,2014,q2,b1l,7.308738736719272
ni,2014,q2,b1w,21.48424366360878
ni,2014,q2,b2l,82.93003992830715
ni,2014,q2,b2w,234.41795313488237
ni,2014,q2,b3l,248.1693238018693
ni,2014,q2,b3w,703.304836739714
ni,2014,q2,b4,3333.6642980084016
ni,2014,q2,b5,1347.4150078215655
ni,2014,q2,b6,413.41465506167555
ni,2014,q3,b1l,14.837033713566829
ni,2014,q3,b1w,43.700805697197325
ni,2014,q3,b2l,102.06062680372446
ni,2014,q3,b2w,249.37842566418794
ni,2014,q3,b3l,265.7021208377178
ni,2014,q3,b3w,755.2684902164591
ni,2014,q3,b4,3679.771690293399
ni,2014,q3,b5,1479.6479461435913
ni,2014,q3,b6,455.5191632648895
ni,2014,q4,b1l,6.074186886409448
ni,2014,q4,b1w,17.965028383434877
ni,2014,q4,b2l,69.86045508421292
ni,2014,q4,b2w,201.40796867985023
ni,2014,q4,b3l,217.23603913999312
ni,2014,q4,b3w,629.717298496814
ni,2014,q4,b4,3143.1819648108703
ni,2014,q4,b5,1293.6315480131834
ni,2014,q4,b6,406.0735400090803
si,2014,q1,b1l,4.152011090733122
si,2014,q1,b1w,12.322810420085412
si,2014,q1,b2l,48.38692947548658
si,2014,q1,b2w,140.4185857009096
si,2014,q1,b3l,152.33451208106993
si,2014,q1,b3w,443.35686917196506
si,2014,q1,b4,2199.6851496590584
si,2014,q1,b5,1093.9095649643443
si,2014,q1,b6,377.8822578272234
si,2014,q2,b1l,3.222661560374667
si,2014,q2,b1w,9.493419613961487
si,2014,q2,b2l,36.89884185577803
si,2014,q2,b2w,106.640163633947
si,2014,q2,b3l,114.62194620076833
si,2014,q2,b3w,330.35053380287957
si,2014,q2,b4,1665.1033218875598
si,2014,q2,b5,822.8121349048331
si,2014,q2,b6,287.4555159764333
si,2014,q3,b1l,3.1842345522231383
si,2014,q3,b1w,9.405651914806622
si,2014,q3,b2l,36.7621858511461
si,2014,q3,b2w,107.24402306103804
si,2014,q3,b3l,116.34920584578958
si,2014,q3,b3w,338.2745777465393
si,2014,q3,b4,1766.5359483165503
si,2014,q3,b5,856.8070524324952
si,2014,q3,b6,302.42507809490047
si,2014,q4,b1l,3.030932620345878
si,2014,q4,b1w,8.955596753121998
si,2014,q4,b2l,35.05984072741457
si,2014,q4,b2w,102.46544283239598
si,2014,q4,b3l,111.31494858866614
si,2014,q4,b3w,324.5613802594655
si,2014,q4,b4,1714.5086757118697
si,2014,q4,b5,844.281028591434
si,2014,q4,b6,297.29681745238634
ni,2015,q1,b1l,6.878718878589679
ni,2015,q1,b1w,20.311519335197055
ni,2015,q1,b2l,79.45179368059097
ni,2015,q1,b2w,228.93854868780625
ni,2015,q1,b3l,246.95470622090977
ni,2015,q1,b3w,712.9765711539751
ni,2015,q1,b4,3386.3954101345776
ni,2015,q1,b5,1442.7735557498656
ni,2015,q1,b6,447.08603951739343
ni,2015,q2,b1l,7.4812516934449045
ni,2015,q2,b1w,21.991368699670083
ni,2015,q2,b2l,84.88694846996886
ni,2015,q2,b2w,239.94759640861517
ni,2015,q2,b3l,254.02421831755817
ni,2015,q2,b3w,719.8992807441876
ni,2015,q2,b4,3412.321329641121
ni,2015,q2,b5,1378.996582896338
ni,2015,q2,b6,423.1094390158225
ni,2015,q3,b1l,15.176426273128268
ni,2015,q3,b1w,44.70058112402065
ni,2015,q3,b2l,104.45182972286949
ni,2015,q3,b2w,255.27849637357087
ni,2015,q3,b3l,271.98672447539934
ni,2015,q3,b3w,773.1212171672122
ni,2015,q3,b4,3766.7327696902485
ni,2015,q3,b5,1514.4215447613851
ni,2015,q3,b6,466.2238187882784
ni,2015,q4,b1l,6.2155861052666586
ni,2015,q4,b1w,18.383472400286667
ni,2015,q4,b2l,71.48974266568497
ni,2015,q4,b2w,206.11364648045839
ni,2015,q4,b3l,222.32033966035138
ni,2015,q4,b3w,644.4795227046669
ni,2015,q4,b4,3216.8860547251343
ni,2015,q4,b5,1323.791202947747
ni,2015,q4,b6,415.56526690465836
si,2015,q1,b1l,4.228417930257994
si,2015,q1,b1w,12.54910669512948
si,2015,q1,b2l,49.27168076450842
si,2015,q1,b2w,142.96549677788659
si,2015,q1,b3l,155.0825178794947
si,2015,q1,b3w,451.29829221432703
si,2015,q1,b4,2237.7942074309653
si,2015,q1,b5,1111.631618638231
si,2015,q1,b6,383.64518421606283
si,2015,q2,b1l,3.2762003344531667
si,2015,q2,b1w,9.650578074664585
si,2015,q2,b2l,37.504641806721295
si,2015,q2,b2w,108.36933422879568
si,2015,q2,b3l,116.45818992756926
si,2015,q2,b3w,335.56353541615533
si,2015,q2,b4,1689.993673776885
si,2015,q2,b5,834.0187856687585
si,2015,q2,b6,291.04775738546783
si,2015,q3,b1l,3.2369247561729684
si,2015,q3,b1w,9.560584361573447
si,2015,q3,b2l,37.36372344438706
si,2015,q3,b2w,108.98455520435951
si,2015,q3,b3l,118.22332034578375
si,2015,q3,b3w,343.6619556036451
si,2015,q3,b4,1793.423846133078
si,2015,q3,b5,868.7957496220298
si,2015,q3,b6,306.3636838132668
si,2015,q4,b1l,3.079813924496319
si,2015,q4,b1w,9.099282236775936
si,2015,q4,b2l,35.618248559706764
si,2015,q4,b2w,104.08276005957423
si,2015,q4,b3l,113.05821293597964
si,2015,q4,b3w,329.5912085661458
si,2015,q4,b4,1740.0551343559318
si,2015,q4,b5,855.9520677581497
si,2015,q4,b6,301.1125880846094
ni,2016,q1,b1l,7.033950983428962
ni,2016,q1,b1w,20.770407085946903
ni,2016,q1,b2l,81.24787299279285
ni,2016,q1,b2w,234.1089904450059
ni,2016,q1,b3l,252.5307048826181
ni,2016,q1,b3w,729.0502973181846
ni,2016,q1,b4,3462.3817200663284
ni,2016,q1,b5,1474.8513236557926
ni,2016,q1,b6,457.00101113125555
ni,2016,q2,b1l,7.655245238087357
ni,2016,q2,b1w,22.50289797396265
ni,2016,q2,b2l,86.86112456994255
ni,2016,q2,b2w,245.52685522318822
ni,2016,q2,b3l,259.93319648965996
ni,2016,q2,b3w,736.65175619203
ni,2016,q2,b4,3491.7380246594694
ni,2016,q2,b5,1410.8714793723136
ni,2016,q2,b6,432.89772936355564
ni,2016,q3,b1l,15.525144423345793
ni,2016,q3,b1w,45.727873192341214
ni,2016,q3,b2l,106.8767038247353
ni,2016,q3,b2w,261.2302365137402
ni,2016,q3,b3l,278.32800383178926
ni,2016,q3,b3w,791.1404395264607
ni,2016,q3,b4,3854.517731718782
ni,2016,q3,b5,1549.5096969583972
ni,2016,q3,b6,477.0199142013679
ni,2016,q4,b1l,6.3580149858693735
ni,2016,q4,b1w,18.805015133209448
ni,2016,q4,b2l,73.13200011093595
ni,2016,q4,b2w,210.86043507359173
ni,2016,q4,b3l,227.4512597553542
ni,2016,q4,b3w,659.381869115695
ni,2016,q4,b4,3291.270184979032
ni,2016,q4,b5,1354.222065256995
ni,2016,q4,b6,425.1423036807943
si,2016,q1,b1l,4.293868196200447
si,2016,q1,b1w,12.74289121788733
si,2016,q1,b2l,50.02883160894911
si,2016,q1,b2w,145.1420165748626
si,2016,q1,b3l,157.42871681992136
si,2016,q1,b3w,458.0698070747309
si,2016,q1,b4,2270.0874891216595
si,2016,q1,b5,1126.4926879318211
si,2016,q1,b6,388.4260782250368
si,2016,q2,b1l,3.3205413858127883
si,2016,q2,b1w,9.780659974899804
si,2016,q2,b2l,38.005379909942995
si,2016,q2,b2w,109.79522703543283
si,2016,q2,b3l,117.96876268504465
si,2016,q2,b3w,339.8399261937092
si,2016,q2,b4,1710.2115135096071
si,2016,q2,b5,842.9726426877005
si,2016,q2,b6,293.8676177716379
si,2016,q3,b1l,3.2805631226621896
si,2016,q3,b1w,9.688835583363575
si,2016,q3,b2l,37.86115696179468
si,2016,q3,b2w,110.42187514173165
si,2016,q3,b3l,119.76899638575988
si,2016,q3,b3w,348.09600336249235
si,2016,q3,b4,1815.369421669717
si,2016,q3,b5,878.4412074838328
si,2016,q3,b6,309.4890224671952
si,2016,q4,b1l,3.120114539233781
si,2016,q4,b1w,9.217675598447972
si,2016,q4,b2l,36.07775323772354
si,2016,q4,b2w,105.41153931397416
si,2016,q4,b3l,114.48856882487728
si,2016,q4,b3w,333.71069990871996
si,2016,q4,b4,1760.8220320355322
si,2016,q4,b5,865.3085778822776
si,2016,q4,b6,304.12517414880693
ni,2017,q1,b1l,7.175186454393956
ni,2017,q1,b1w,21.188034476376583
ni,2017,q1,b2l,82.88282965967612
ni,2017,q1,b2w,238.8144857831861
ni,2017,q1,b3l,257.60536379401424
ni,2017,q1,b3w,743.6716984806945
ni,2017,q1,b4,3531.3772652844996
ni,2017,q1,b5,1503.8944563179393
ni,2017,q1,b6,465.976522615804
ni,2017,q2,b1l,7.814320941125977
ni,2017,q2,b1w,22.970649849380607
ni,2017,q2,b2l,88.66661755603116
ni,2017,q2,b2w,250.6304746034843
ni,2017,q2,b3l,265.3404245104298
ni,2017,q2,b3w,751.9860450753744
ni,2017,q2,b4,3564.445059728948
ni,2017,q2,b5,1440.00307506026
ni,2017,q2,b6,441.8619414049714
ni,2017,q3,b1l,15.853231858179766
ni,2017,q3,b1w,46.6944655164294
ni,2017,q3,b2l,109.11340062331038
ni,2017,q3,b2w,266.67487794783256
ni,2017,q3,b3l,284.130611294156
ni,2017,q3,b3w,807.6325885911494
ni,2017,q3,b4,3934.8591563265677
ni,2017,q3,b5,1581.5520177505084
ni,2017,q3,b6,486.8868087051
ni,2017,q4,b1l,6.487631371327946
ni,2017,q4,b1w,19.18871649536255
ni,2017,q4,b2l,74.62813442298243
ni,2017,q4,b2w,215.19050666010912
ni,2017,q4,b3l,232.13493442950252
ni,2017,q4,b3w,672.99265716508
ni,2017,q4,b4,3359.180780985855
ni,2017,q4,b5,1381.9544755571676
ni,2017,q4,b6,433.8854313697883
si,2017,q1,b1l,4.338771459295957
si,2017,q1,b1w,12.875751983753737
si,2017,q1,b2l,50.547285573525066
si,2017,q1,b2w,146.62813628904672
si,2017,q1,b3l,159.02784927015406
si,2017,q1,b3w,462.67289788665255
si,2017,q1,b4,2291.7208428905446
si,2017,q1,b5,1136.205904812818
si,2017,q1,b6,391.4710077071045
si,2017,q2,b1l,3.348317622324466
si,2017,q2,b1w,9.86204454046285
si,2017,q2,b2l,38.317539717855475
si,2017,q2,b2w,110.67888694418608
si,2017,q2,b3l,118.8991873394868
si,2017,q2,b3w,342.4554271620979
si,2017,q2,b4,1722.2556460266171
si,2017,q2,b5,848.0664695472328
si,2017,q2,b6,295.3880379368627
si,2017,q3,b1l,3.307874283462304
si,2017,q3,b1w,9.768990482515509
si,2017,q3,b2l,38.17122485344825
si,2017,q3,b2w,111.31465815689369
si,2017,q3,b3l,120.72601893071109
si,2017,q3,b3w,350.8266549722854
si,2017,q3,b4,1828.5891294925084
si,2017,q3,b5,884.028284866938
si,2017,q3,b6,311.2258478678327
si,2017,q4,b1l,3.145145485587986
si,2017,q4,b1w,9.291110382811778
si,2017,q4,b2l,36.361881404209115
si,2017,q4,b2w,106.23025274336439
si,2017,q4,b3l,115.3672293405747
si,2017,q4,b3w,336.2305771484779
si,2017,q4,b4,1773.2726064632723
si,2017,q4,b5,870.709761573687
si,2017,q4,b6,305.78694510539844
ni,2018,q1,b1l,7.329686999987505
ni,2018,q1,b1w,21.64483908011123
ni,2018,q1,b2l,84.67110095352395
ni,2018,q1,b2w,243.96023936203014
ni,2018,q1,b3l,263.15434903264605
ni,2018,q1,b3w,759.6563497844426
ni,2018,q1,b4,3606.74042310841
ni,2018,q1,b5,1535.5974662444837
ni,2018,q1,b6,475.76278921472976
ni,2018,q2,b1l,7.988476017031025
ni,2018,q2,b1w,23.482756133985454
ni,2018,q2,b2l,90.64348884509842
ni,2018,q2,b2w,256.2187855273973
ni,2018,q2,b3l,271.26202291712076
ni,2018,q2,b3w,768.7818961109784
ni,2018,q2,b4,3644.074178393922
ni,2018,q2,b5,1471.8992784463117
ni,2018,q2,b6,451.67573270401317
ni,2018,q3,b1l,16.222015799673127
ni,2018,q3,b1w,47.78096263541518
ni,2018,q3,b2l,111.58133970849217
ni,2018,q3,b2w,272.63432032615793
ni,2018,q3,b3l,290.48294584201966
ni,2018,q3,b3w,825.6911557951116
ni,2018,q3,b4,4022.8287674218113
ni,2018,q3,b5,1616.6275965391537
ni,2018,q3,b6,497.6814025874054
ni,2018,q4,b1l,6.629498601802119
ni,2018,q4,b1w,19.608696766205338
ni,2018,q4,b2l,76.26611068894128
ni,2018,q4,b2w,219.93255943002603
ni,2018,q4,b3l,237.26504248901816
ni,2018,q4,b3w,687.9025044427694
ni,2018,q4,b4,3433.54917141107
ni,2018,q4,b5,1412.318495975663
ni,2018,q4,b6,443.45301650404116
si,2018,q1,b1l,4.378354528794864
si,2018,q1,b1w,12.992805371622739
si,2018,q1,b2l,51.003524429439885
si,2018,q1,b2w,147.93240628842176
si,2018,q1,b3l,160.42862770638519
si,2018,q1,b3w,466.6953017994642
si,2018,q1,b4,2310.4177245501883
si,2018,q1,b5,1144.4451649074927
si,2018,q1,b6,394.0008874489757
si,2018,q2,b1l,3.371585654976378
si,2018,q2,b1w,9.930126635971554
si,2018,q2,b2l,38.577826732353344
si,2018,q2,b2w,111.41174211319502
si,2018,q2,b3l,119.66642807041615
si,2018,q2,b3w,344.59751870929676
si,2018,q2,b4,1731.879106436397
si,2018,q2,b5,851.9594431271169
si,2018,q2,b6,296.4855626546182
si,2018,q3,b1l,3.3307087899827255
si,2018,q3,b1w,9.835929431242244
si,2018,q3,b2l,38.42961870675892
si,2018,q3,b2w,112.05633363938102
si,2018,q3,b3l,121.51864334888262
si,2018,q3,b3w,353.07781636467587
si,2018,q3,b4,1839.2824100857167
si,2018,q3,b5,888.3856321860623
si,2018,q3,b6,312.52675070541056
si,2018,q4,b1l,3.1659140391373
si,2018,q4,b1w,9.351976719252155
si,2018,q4,b2l,36.59670920162076
si,2018,q4,b2w,106.90425107744565
si,2018,q4,b3l,116.08805122060416
si,2018,q4,b3w,338.28827776081516
si,2018,q4,b4,1783.2583236098965
si,2018,q4,b5,874.886909669632
si,2018,q4,b6,307.01360519535785
ni,2019,q1,b1l,7.481470348245611
ni,2019,q1,b1w,22.093562790249862
ni,2019,q1,b2l,86.42771968568425
ni,2019,q1,b2w,249.01445583773153
ni,2019,q1,b3l,268.6045032868821
ni,2019,q1,b3w,775.3532983328095
ni,2019,q1,b4,3680.6895274553435
ni,2019,q1,b5,1566.6922381677773
ni,2019,q1,b6,485.3513947107686
ni,2019,q2,b1l,8.159614495540437
ni,2019,q2,b1w,23.986018203159237
ni,2019,q2,b2l,92.58642950825306
ni,2019,q2,b2w,261.7117121918759
ni,2019,q2,b3l,277.0837773880907
ni,2019,q2,b3w,785.298085683558
ni,2019,q2,b4,3722.3794195650344
ni,2019,q2,b5,1503.2610578602244
ni,2019,q2,b6,461.3246064039828
ni,2019,q3,b1l,16.59193034056816
ni,2019,q3,b1w,48.870838738875804
ni,2019,q3,b2l,114.02161856417837
ni,2019,q3,b2w,278.49003080652494
ni,2019,q3,b3l,296.72602617216046
ni,2019,q3,b3w,843.4429075747368
ni,2019,q3,b4,4109.308022349557
ni,2019,q3,b5,1651.1055058030224
ni,2019,q3,b6,508.2853576683937
ni,2019,q4,b1l,6.768876352264199
ni,2019,q4,b1w,20.021339521462586
ni,2019,q4,b2l,77.8760614282512
ni,2019,q4,b2w,224.59569572132918
ni,2019,q4,b3l,242.31134711265275
ni,2019,q4,b3w,702.5726541486321
ni,2019,q4,b4,3506.711790337011
ni,2019,q4,b5,1442.193160257665
ni,2019,q4,b6,452.8617549815025
si,2019,q1,b1l,4.408227389107824
si,2019,q1,b1w,13.08107842837126
si,2019,q1,b2l,51.34700491085478
si,2019,q1,b2w,148.91060703768548
si,2019,q1,b3l,161.4765544116751
si,2019,q1,b3w,469.69399155110517
si,2019,q1,b4,2324.105405525165
si,2019,q1,b5,1150.278810964026
si,2019,q1,b6,395.7217754059439
si,2019,q2,b1l,3.387456319893739
si,2019,q2,b1w,9.976451449842578
si,2019,q2,b2l,38.753811985879324
si,2019,q2,b2w,111.90224378911525
si,2019,q2,b3l,120.17440892003933
si,2019,q2,b3w,345.9975709581635
si,2019,q2,b4,1737.8575154999128
si,2019,q2,b5,854.1326044149716
si,2019,q2,b6,297.00257218025945
si,2019,q3,b1l,3.3462358179838847
si,2019,q3,b1w,9.881331852420244
si,2019,q3,b2l,38.60408638891178
si,2019,q3,b2w,112.55406683391422
si,2019,q3,b3l,122.04755023155079
si,2019,q3,b3w,354.56608171967855
si,2019,q3,b4,1846.0735544751244
si,2019,q3,b5,890.9272816341493
si,2019,q3,b6,313.2048694745537
si,2019,q4,b1l,3.1798105360067535
si,2019,q4,b1w,9.392599068396782
si,2019,q4,b2l,36.75256988192603
si,2019,q4,b2w,107.3486079438209
si,2019,q4,b3l,116.56046782036668
si,2019,q4,b3w,339.62556746986365
si,2019,q4,b4,1789.5021328902903
si,2019,q4,b5,877.2841933652622
si,2019,q4,b6,307.6315135537676
ni,2020,q1,b1l,7.633681380006799
ni,2020,q1,b1w,22.54358132488924
ni,2020,q1,b2l,88.18936834679805
ni,2020,q1,b2w,254.0827544601527
ni,2020,q1,b3l,274.06995582395416
ni,2020,q1,b3w,791.093318562658
ni,2020,q1,b4,3754.8157205725115
ni,2020,q1,b5,1597.8539855036279
ni,2020,q1,b6,494.94948856844707
ni,2020,q2,b1l,8.331174069233027
ni,2020,q2,b1w,24.49052896266752
ni,2020,q2,b2l,94.53440803383002
ni,2020,q2,b2w,267.2196786273706
ni,2020,q2,b3l,282.92231935626666
ni,2020,q2,b3w,801.8648420554574
ni,2020,q2,b4,3800.917574002881
ni,2020,q2,b5,1534.7119093405645
ni,2020,q2,b6,470.9954984263718
ni,2020,q3,b1l,16.96091214536249
ni,2020,q3,b1w,49.95798777244138
ni,2020,q3,b2l,116.46408449353143
ni,2020,q3,b2w,284.36074722221514
ni,2020,q3,b3l,302.98574652905995
ni,2020,q3,b3w,861.2441054015401
ni,2020,q3,b4,4196.022889292091
ni,2020,q3,b5,1685.6810850709496
ni,2020,q3,b6,518.9090361503195
ni,2020,q4,b1l,6.9086483548680935
ni,2020,q4,b1w,20.435161942584454
ni,2020,q4,b2l,79.4909078567585
ni,2020,q4,b2w,229.27390631790863
ni,2020,q4,b3l,247.37482605854757
ni,2020,q4,b3w,717.2954001207527
ni,2020,q4,b4,3580.1320821888335
ni,2020,q4,b5,1472.1794973413544
ni,2020,q4,b6,462.2971295371919
si,2020,q1,b1l,4.435035531784276
si,2020,q1,b1w,13.160269065392702
si,2020,q1,b2l,51.65495459046795
si,2020,q1,b2w,149.7865928215133
si,2020,q1,b3l,162.41406152711437
si,2020,q1,b3w,472.3731245004116
si,2020,q1,b4,2336.2529281998077
si,2020,q1,b5,1155.3924700901755
si,2020,q1,b6,397.2087496932269
si,2020,q2,b1l,3.401040110242707
si,2020,q2,b1w,10.016072498101746
si,2020,q2,b2l,38.903989517584144
si,2020,q2,b2w,112.31893128135118
si,2020,q2,b3l,120.60393379909061
si,2020,q2,b3w,347.1740268397167
si,2020,q2,b4,1742.7582559380664
si,2020,q2,b5,855.8199729236807
si,2020,q2,b6,297.3648493289988
si,2020,q3,b1l,3.3595114167860736
si,2020,q3,b1w,9.9201250489953825
si,2020,q3,b2l,38.75292103062252
si,2020,q3,b2w,112.97759119621972
si,2020,q3,b3l,122.49650224590648
si,2020,q3,b3w,355.8243206564719
si,2020,q3,b4,1851.7135623001152
si,2020,q3,b5,892.9562191299547
si,2020,q3,b6,313.71648179886733
si,2020,q4,b1l,3.1916241548464686
si,2020,q4,b1w,9.427108853437685
si,2020,q4,b2l,36.88468445951349
si,2020,q4,b2w,107.7240495339344
si,2020,q4,b3l,116.95848282063909
si,2020,q4,b3w,340.7480430938938
si,2020,q4,b4,1794.6553417008986
si,2020,q4,b5,879.1814994451531
si,2020,q4,b6,308.08609960101677
ni,2021,q1,b1l,7.787297872586761
ni,2021,q1,b1w,22.997783690412234
ni,2021,q1,b2l,89.96737047353385
ni,2021,q1,b2w,259.1981149974314
ni,2021,q1,b3l,279.58601875750725
ni,2021,q1,b3w,806.9799810165975
ni,2021,q1,b4,3829.6445734928798
ni,2021,q1,b5,1629.3053825169577
ni,2021,q1,b6,504.6329055576685
ni,2021,q2,b1l,8.504439746898768
ni,2021,q2,b1w,25.00004003111325
ni,2021,q2,b2l,96.50160653130709
ni,2021,q2,b2w,272.78175809135263
ni,2021,q2,b3l,288.81785398736133
ni,2021,q2,b3w,818.5918361787144
ni,2021,q2,b4,3880.2002405241956
ni,2021,q2,b5,1566.4528884034692
ni,2021,q2,b6,480.7514978814582
ni,2021,q3,b1l,17.330314440706008
ni,2021,q3,b1w,51.04635393989433
ni,2021,q3,b2l,118.92427879076588
ni,2021,q3,b2w,290.29004492723794
ni,2021,q3,b3l,309.3073005252578
ni,2021,q3,b3w,879.2185718713852
ni,2021,q3,b4,4283.558006946743
ni,2021,q3,b5,1720.5782460669288
ni,2021,q3,b6,529.6274940545593
ni,2021,q4,b1l,7.04981878197324
ni,2021,q4,b1w,20.853104375751425
ni,2021,q4,b2l,81.12163515001977
ni,2021,q4,b2w,233.99720843938337
ni,2021,q4,b3l,252.48661352353363
ni,2021,q4,b3w,732.1576467796732
ni,2021,q4,b4,3654.246211289828
ni,2021,q4,b5,1502.4390364025305
ni,2021,q4,b6,471.81192731438284
si,2021,q1,b1l,4.464352537969049
si,2021,q1,b1w,13.24691663073286
si,2021,q1,b2l,51.992241120481616
si,2021,q1,b2w,150.74839052775047
si,2021,q1,b3l,163.44491823276854
si,2021,q1,b3w,475.3248221190228
si,2021,q1,b4,2349.7645019203414
si,2021,q1,b5,1161.181366481787
si,2021,q1,b6,398.92903689634437
si,2021,q2,b1l,3.4167323867146
si,2021,q2,b1w,10.061896193431355
si,2021,q2,b2l,39.07828526657044
si,2021,q2,b2w,112.80558591459685
si,2021,q2,b3l,121.10926193452552
si,2021,q2,b3w,348.56994724251933
si,2021,q2,b4,1748.7670379597484
si,2021,q2,b5,858.0485310213606
si,2021,q2,b6,297.91492991605804
si,2021,q3,b1l,3.3748979066952947
si,2021,q3,b1w,9.965142948418892
si,2021,q3,b2l,38.92609362208727
si,2021,q3,b2w,113.47223304283477
si,2021,q3,b3l,123.0226401287919
si,2021,q3,b3w,357.30707291642193
si,2021,q3,b4,1858.527311398132
si,2021,q3,b5,895.5481310911318
si,2021,q3,b6,314.4248419923009
si,2021,q4,b1l,3.2053638811744736
si,2021,q4,b1w,9.467310466440221
si,2021,q4,b2l,37.039146915898876
si,2021,q4,b2w,108.16499312103551
si,2021,q4,b3l,117.42773124241496
si,2021,q4,b3w,342.0782739499676
si,2021,q4,b4,1800.9056836980408
si,2021,q4,b5,881.6156105829988
si,2021,q4,b6,308.72869031849086
ni,2022,q1,b1l,7.938197512090346
ni,2022,q1,b1w,23.443984729099903
ni,2022,q1,b2l,91.7142699273087
ni,2022,q1,b2w,264.22494491401
ni,2022,q1,b3l,285.00709545739755
ni,2022,q1,b3w,822.5956920870647
ni,2022,q1,b4,3903.230544237146
ni,2022,q1,b5,1660.2413566641342
ni,2022,q1,b6,514.1658340034784
ni,2022,q2,b1l,8.674204221799505
ni,2022,q2,b1w,25.499245830267842
ni,2022,q2,b2l,98.4289255504475
ni,2022,q2,b2w,278.23083842509516
ni,2022,q2,b3l,294.59308935044663
ni,2022,q2,b3w,834.9757348452773
ni,2022,q2,b4,3957.856635499152
ni,2022,q2,b5,1597.54253691716
ni,2022,q2,b6,490.31041764099564
ni,2022,q3,b1l,17.686299029930744
ni,2022,q3,b1w,52.09518472031177
ni,2022,q3,b2l,121.32309147713228
ni,2022,q3,b2w,296.1010820104963
ni,2022,q3,b3l,315.5018678716802
ni,2022,q3,b3w,896.828528270491
ni,2022,q3,b4,4369.311936662926
ni,2022,q3,b5,1754.7663770346119
ni,2022,q3,b6,540.13363788363
ni,2022,q4,b1l,7.188103587660959
ni,2022,q4,b1w,21.262492237192085
ni,2022,q4,b2l,82.71875099042381
ni,2022,q4,b2w,238.62228086222578
ni,2022,q4,b3l,257.4917063905582
ni,2022,q4,b3w,746.7095031505537
ni,2022,q4,b4,3726.8281013997002
ni,2022,q4,b5,1532.0694806474728
ni,2022,q4,b6,481.1327229066303
si,2022,q1,b1l,4.497108273027331
si,2022,q1,b1w,13.343771925652085
si,2022,q1,b2l,52.36959575984012
si,2022,q1,b2w,151.82663977715714
si,2022,q1,b3l,164.6021478754094
si,2022,q1,b3w,478.64486472816856
si,2022,q1,b4,2365.118275021307
si,2022,q1,b5,1167.8785245383538
si,2022,q1,b6,400.96422223887095
si,2022,q2,b1l,3.4350686836372044
si,2022,q2,b1w,10.11553426027203
si,2022,q2,b2l,39.28303198617779
si,2022,q2,b2w,113.38019724664464
si,2022,q2,b3l,121.70909307760044
si,2022,q2,b3w,350.23772968802274
si,2022,q2,b4,1756.1410984770805
si,2022,q2,b5,860.9490335694019
si,2022,q2,b6,298.70157538944625
si,2022,q3,b1l,3.39288638849743
si,2022,q3,b1w,10.017850840802113
si,2022,q3,b2l,39.12938525603507
si,2022,q3,b2w,114.05489868287346
si,2022,q3,b3l,123.64439911622122
si,2022,q3,b3w,359.0680823935409
si,2022,q3,b4,1866.7960782924224
si,2022,q3,b5,898.8427393258364
si,2022,q3,b6,315.3842239647849
si,2022,q4,b1l,3.221493362921502
si,2022,q4,b1w,9.514560825727315
si,2022,q4,b2l,37.22122237128453
si,2022,q4,b2w,108.68653400237865
si,2022,q4,b3l,117.98449412988282
si,2022,q4,b3w,343.6640154944055
si,2022,q4,b4,1808.5182077209913
si,2022,q4,b5,884.724559213591
si,2022,q4,b6,309.6123865617342
ni,2023,q1,b1l,8.087215963649184
ni,2023,q1,b1w,23.884648045378587
ni,2023,q1,b2l,93.43952152061054
ni,2023,q1,b2w,269.1899148400099
ni,2023,q1,b3l,290.36177719384114
ni,2023,q1,b3w,838.0219053684492
ni,2023,q1,b4,3975.950401624524
ni,2023,q1,b5,1690.804925441558
ni,2023,q1,b6,523.5827421909778
ni,2023,q2,b1l,8.841499056889102
ni,2023,q2,b1w,25.99117425147177
ni,2023,q2,b2l,100.32809203593656
ni,2023,q2,b2w,283.6001406484243
ni,2023,q2,b3l,300.28334530290584
ni,2023,q2,b3w,851.1171099488582
ni,2023,q2,b4,4034.350047929734
ni,2023,q2,b5,1628.1516860453353
ni,2023,q2,b6,499.71655328421133
ni,2023,q3,b1l,18.03300102002158
ni,2023,q3,b1w,53.11664136547032
ni,2023,q3,b2l,123.67875594756724
ni,2023,q3,b2w,301.8279665403114
ni,2023,q3,b3l,321.6059647214889
ni,2023,q3,b3w,914.1785586171757
ni,2023,q3,b4,4453.78260158178
ni,2023,q3,b5,1788.4336616233318
ni,2023,q3,b6,550.4747496197077
ni,2023,q4,b1l,7.324369440506042
ni,2023,q4,b1w,21.665887599425513
ni,2023,q4,b2l,84.29225928737627
ni,2023,q4,b2w,243.17796490693055
ni,2023,q4,b3l,262.4213007903652
ni,2023,q4,b3w,761.041518320362
ni,2023,q4,b4,3798.318497851748
ni,2023,q4,b5,1561.241381607857
ni,2023,q4,b6,490.30479459480875
si,2023,q1,b1l,4.533848553523663
si,2023,q1,b1w,13.452459711030329
si,2023,q1,b2l,52.79346795848992
si,2023,q1,b2w,153.04082046676322
si,2023,q1,b3l,165.90726067308455
si,2023,q1,b3w,482.39669705114824
si,2023,q1,b4,2382.641310861271
si,2023,q1,b5,1175.6541581640538
si,2023,q1,b6,403.37216485185
si,2023,q2,b1l,3.456623138649627
si,2023,q2,b1w,10.178659324894847
si,2023,q2,b2l,39.52472840893072
si,2023,q2,b2w,114.06203766628423
si,2023,q2,b3l,122.4250243169726
si,2023,q2,b3w,352.2414571931944
si,2023,q2,b4,1765.21460167067
si,2023,q2,b5,864.6849542477859
si,2023,q2,b6,299.77850233699945
si,2023,q3,b1l,3.414080098244641
si,2023,q3,b1w,10.08002662112238
si,2023,q3,b2l,39.36967581788515
si,2023,q3,b2w,114.7455373928048
si,2023,q3,b3l,124.38334410590748
si,2023,q3,b3w,361.1700194946034
si,2023,q3,b4,1876.8468357398767
si,2023,q3,b5,902.9977366266172
si,2023,q3,b6,316.6450383963258
si,2023,q4,b1l,3.2407340756440184
si,2023,q4,b1w,9.571004739314251
si,2023,q4,b2l,37.43936723535438
si,2023,q4,b2w,109.3137833624095
si,2023,q4,b3l,118.65630199789939
si,2023,q4,b3w,345.5855193281377
si,2023,q4,b4,1817.9108247306892
si,2023,q4,b5,888.7080895785185
si,2023,q4,b6,310.8024823130497
ni,2024,q1,b1l,8.234161688830767
ni,2024,q1,b1w,24.319257264398626
ni,2024,q1,b2l,95.14120387651585
ni,2024,q1,b2w,274.08740565837564
ni,2024,q1,b3l,295.64377622721867
ni,2024,q1,b3w,853.2395120727846
ni,2024,q1,b4,4047.701484554713
ni,2024,q1,b5,1720.967789733739
ni,2024,q1,b6,532.8792966157885
ni,2024,q2,b1l,9.006947209313195
ni,2024,q2,b1w,26.47766832392166
ni,2024,q2,b2l,102.2062279346965
ni,2024,q2,b2w,288.9100284955295
ni,2024,q2,b3l,305.91049648304084
ni,2024,q2,b3w,867.0787457944637
ni,2024,q2,b4,4109.9968404107785
ni,2024,q2,b5,1658.4277320032586
ni,2024,q2,b6,509.02216878741365
ni,2024,q3,b1l,18.368455660334142
ni,2024,q3,b1w,54.10497390861451
ni,2024,q3,b2l,125.99383432453541
ni,2024,q3,b2w,307.49392378513454
ni,2024,q3,b3l,327.6446202872225
ni,2024,q3,b3w,931.3401498584245
ni,2024,q3,b4,4537.335451897404
ni,2024,q3,b5,1821.7436561649154
ni,2024,q3,b6,560.7097914255171
ni,2024,q4,b1l,7.459085608676737
ni,2024,q4,b1w,22.064699618047683
ni,2024,q4,b2l,85.8478675593908
ni,2024,q4,b2w,247.6816743345831
ni,2024,q4,b3l,267.2948917883247
ni,2024,q4,b3w,775.2117932169119
ni,2024,q4,b4,3869.0215227606927
ni,2024,q4,b5,1590.0968559293617
ni,2024,q4,b6,499.3794399791281
si,2024,q1,b1l,4.573560533641895
si,2024,q1,b1w,13.569975901537253
si,2024,q1,b2l,53.25204977769917
si,2024,q1,b2w,154.3561825240266
si,2024,q1,b3l,167.32231906309286
si,2024,q1,b3w,486.4692022207319
si,2024,q1,b4,2401.7642618564405
si,2024,q1,b5,1184.221165350998
si,2024,q1,b6,406.0545150774253
si,2024,q2,b1l,3.4804528996349533
si,2024,q2,b1w,10.248496720802269
si,2024,q2,b2l,39.79259104538667
si,2024,q2,b2w,114.81955583648741
si,2024,q2,b3l,123.22256866140113
si,2024,q2,b3w,354.48062373505553
si,2024,q2,b4,1775.4733553352896
si,2024,q2,b5,869.0046010927967
si,2024,q2,b6,301.06177130180384
si,2024,q3,b1l,3.4375425037531566
si,2024,q3,b1w,10.148900744729104
si,2024,q3,b2l,39.636180919235784
si,2024,q3,b2w,115.51280064743459
si,2024,q3,b3l,125.20554178328203
si,2024,q3,b3w,363.5141556870386
si,2024,q3,b4,1888.1637658815146
si,2024,q3,b5,907.7643725454085
si,2024,q3,b6,318.12418235399065
si,2024,q4,b1l,3.262062829732619
si,2024,q4,b1w,9.633614631782473
si,2024,q4,b2l,37.68167770720883
si,2024,q4,b2w,110.01166772643172
si,2024,q4,b3l,119.40486258903834
si,2024,q4,b3w,347.73130271867103
si,2024,q4,b4,1828.4973226119785
si,2024,q4,b5,893.2812879969998
si,2024,q4,b6,312.2020457045189
ni,2025,q1,b1l,8.383245383516524
ni,2025,q1,b1w,24.760195581016532
ni,2025,q1,b2l,96.86774493062603
ni,2025,q1,b2w,279.0569295562152
ni,2025,q1,b3l,301.00372401619524
ni,2025,q1,b3w,868.683356929104
ni,2025,q1,b4,4120.542564877173
ni,2025,q1,b5,1751.5835439915265
ni,2025,q1,b6,542.3197942273656
ni,2025,q2,b1l,9.174203922118952
ni,2025,q2,b1w,26.96947335686058
ni,2025,q2,b2l,104.10478873649689
ni,2025,q2,b2w,294.2774083912582
ni,2025,q2,b3l,311.59794459979173
ni,2025,q2,b3w,883.2094355252344
ni,2025,q2,b4,4186.437899753824
ni,2025,q2,b5,1689.0103268814914
ni,2025,q2,b6,518.4215324265238
ni,2025,q3,b1l,18.70310677472764
ni,2025,q3,b1w,55.09092449658742
ni,2025,q3,b2l,128.32512266433363
ni,2025,q3,b2w,313.22181369071956
ni,2025,q3,b3l,333.74857202270306
ni,2025,q3,b3w,948.6847368348178
ni,2025,q3,b4,4621.766902652534
ni,2025,q3,b5,1855.390372571846
ni,2025,q3,b6,571.0493993447235
ni,2025,q4,b1l,7.595264656626419
ni,2025,q4,b1w,22.467823211768025
ni,2025,q4,b2l,87.41999040021122
ni,2025,q4,b2w,252.23201947151367
ni,2025,q4,b3l,272.21811039186315
ni,2025,q4,b3w,789.5245232284392
ni,2025,q4,b4,3940.4324578221217
ni,2025,q4,b5,1619.2261873857367
ni,2025,q4,b6,508.54094890938853
si,2025,q1,b1l,4.61760910426878
si,2025,q1,b1w,13.700352007481582
si,2025,q1,b2l,53.76104219239392
si,2025,q1,b2w,155.81759208623
si,2025,q1,b3l,168.89559131316548
si,2025,q1,b3w,491.00109008430945
si,2025,q1,b4,2423.13230186403
si,2025,q1,b5,1193.8563651302213
si,2025,q1,b6,409.09415308438406
si,2025,q2,b1l,3.5075580697623576
si,2025,q2,b1w,10.327971990615199
si,2025,q2,b2l,40.09785108392438
si,2025,q2,b2w,115.68474846909906
si,2025,q2,b3l,124.13567600342017
si,2025,q2,b3w,357.05114898689004
si,2025,q2,b4,1787.3652589119183
si,2025,q2,b5,874.0910358016021
si,2025,q2,b6,302.60406209780217
si,2025,q3,b1l,3.464244436043433
si,2025,q3,b1w,10.227321238456994
si,2025,q3,b2l,39.939899564029204
si,2025,q3,b2w,116.38837481622079
si,2025,q3,b3l,126.14501862744874
si,2025,q3,b3w,366.197901246208
si,2025,q3,b4,1901.21711241839
si,2025,q3,b5,913.33377132544
si,2025,q3,b6,319.87934750042376
si,2025,q4,b1l,3.2862677546703414
si,2025,q4,b1w,9.70467036237158
si,2025,q4,b2l,37.95692665255148
si,2025,q4,b2w,110.8055182107903
si,2025,q4,b3l,120.25745941129142
si,2025,q4,b3w,350.1791816653434
si,2025,q4,b4,1840.6522284816824
si,2025,q4,b5,898.5983544940248
si,2025,q4,b6,313.8582037080957
ni,2026,q1,b1l,8.532086494104908
ni,2026,q1,b1w,25.200448172530987
ni,2026,q1,b2l,98.59163068458086
ni,2026,q1,b2w,284.01894633539507
ni,2026,q1,b3l,306.35554082227765
ni,2026,q1,b3w,884.1036429926255
ni,2026,q1,b4,4193.269096053846
ni,2026,q1,b5,1782.1432953306758
ni,2026,q1,b6,551.7413996531748
ni,2026,q2,b1l,9.341753927664259
ni,2026,q2,b1w,27.462140945455666
ni,2026,q2,b2l,106.00665520789234
ni,2026,q2,b2w,299.65408695240814
ni,2026,q2,b3l,317.29511125762303
ni,2026,q2,b3w,899.3669812102046
ni,2026,q2,b4,4263.0041216128975
ni,2026,q2,b5,1719.6374417511295
ni,2026,q2,b6,527.8336660118779
ni,2026,q3,b1l,19.037228906058843
ni,2026,q3,b1w,56.075315092354245
ni,2026,q3,b2l,130.65874483439745
ni,2026,q3,b2w,318.9613663548049
ni,2026,q3,b3l,339.864582060816
ni,2026,q3,b3w,966.0621564207958
ni,2026,q3,b4,4706.351759704335
ni,2026,q3,b5,1889.0955600518253
ni,2026,q3,b6,581.406226127406
ni,2026,q4,b1l,7.731653234474106
ni,2026,q4,b1w,22.87157051812724
ni,2026,q4,b2l,88.99457580525291
ni,2026,q4,b2w,256.7896006549981
ni,2026,q4,b3l,277.1492808093258
ni,2026,q4,b3w,803.8607451335088
ni,2026,q4,b4,4011.9649161714187
ni,2026,q4,b5,1648.3999850015623
ni,2026,q4,b6,517.7154623431747
si,2026,q1,b1l,4.664002355091222
si,2026,q1,b1w,13.837686679426659
si,2026,q1,b2l,54.29733396317361
si,2026,q1,b2w,157.35831124144417
si,2026,q1,b3l,170.55487780365803
si,2026,q1,b3w,495.7834244902472
si,2026,q1,b4,2445.7438436648654
si,2026,q1,b5,1204.1073641088371
si,2026,q1,b6,412.34486452803105
si,2026,q2,b1l,3.5365004789161683
si,2026,q2,b1w,10.412864518900154
si,2026,q2,b2l,40.424097422773954
si,2026,q2,b2w,116.61046147312467
si,2026,q2,b3l,125.11368551988055
si,2026,q2,b3w,359.80819855846966
si,2026,q2,b4,1800.1834159732928
si,2026,q2,b5,879.6264249436081
si,2026,q2,b6,304.2981785114567
si,2026,q3,b1l,3.492759450784169
si,2026,q3,b1w,10.311090263748872
si,2026,q3,b2l,40.26448362162543
si,2026,q3,b2w,117.32463052901164
si,2026,q3,b3l,127.15009923054845
si,2026,q3,b3w,369.07160912254176
si,2026,q3,b4,1915.252003144253
si,2026,q3,b5,919.3714918986504
si,2026,q3,b6,321.79446646168407
si,2026,q4,b1l,3.312316406689225
si,2026,q4,b1w,9.78118711610473
si,2026,q4,b2l,38.25358556132834
si,2026,q4,b2w,111.66190277765193
si,2026,q4,b3l,121.17786312320108
si,2026,q4,b3w,352.8243469137145
si,2026,q4,b4,1853.8435015897792
si,2026,q4,b5,904.4184966746835
si,2026,q4,b6,315.6860010008031
ni,2027,q1,b1l,8.676456694949794
ni,2027,q1,b1w,25.627534247953253
ni,2027,q1,b2l,100.26417246314935
ni,2027,q1,b2w,288.8333773032808
ni,2027,q1,b3l,311.5484948794005
ni,2027,q1,b3w,899.0670910742166
ni,2027,q1,b4,4263.860203379782
ni,2027,q1,b5,1811.799822872762
ni,2027,q1,b6,560.895416113301
ni,2027,q2,b1l,9.504112170879575
ni,2027,q2,b1w,27.93954401138082
ni,2027,q2,b2l,107.84952954734345
ni,2027,q2,b2w,304.863960603864
ni,2027,q2,b3l,322.81546629549143
ni,2027,q2,b3w,915.0225239046916
ni,2027,q2,b4,4337.204199383859
ni,2027,q2,b5,1749.3131352675823
ni,2027,q2,b6,536.9620165984356
ni,2027,q3,b1l,19.359742947620283
ni,2027,q3,b1w,57.02550748645476
ni,2027,q3,b2l,132.91790329868687
ni,2027,q3,b2w,324.524217420585
ni,2027,q3,b3l,345.7918240941903
ni,2027,q3,b3w,982.9013220910548
ni,2027,q3,b4,4788.325515152923
ni,2027,q3,b5,1921.753287762738
ni,2027,q3,b6,591.4506033686835
ni,2027,q4,b1l,7.8636568005544305
ni,2027,q4,b1w,23.262339145244287
ni,2027,q4,b2l,90.51850477438897
ni,2027,q4,b2w,261.2006724322473
ni,2027,q4,b3l,281.921967186872
ni,2027,q4,b3w,817.7369552810957
ni,2027,q4,b4,4081.219830741573
ni,2027,q4,b5,1676.6374340766447
ni,2027,q4,b6,526.6067508691195
si,2027,q1,b1l,4.7100212349540245
si,2027,q1,b1w,13.973913300399012
si,2027,q1,b2l,54.82933496601083
si,2027,q1,b2w,158.8870855890532
si,2027,q1,b3l,172.20158576937203
si,2027,q1,b3w,500.5304700833071
si,2027,q1,b4,2468.20765935573
si,2027,q1,b5,1214.311853051163
si,2027,q1,b6,415.58818634841316
si,2027,q2,b1l,3.5649243513301174
si,2027,q2,b1w,10.49626364990809
si,2027,q2,b2l,40.74474241534477
si,2027,q2,b2w,117.52055886465277
si,2027,q2,b3l,126.07544390948063
si,2027,q2,b3w,362.52018926170325
si,2027,q2,b4,1812.807882208698
si,2027,q2,b5,885.1011091010398
si,2027,q2,b6,305.98190481998597
si,2027,q3,b1l,3.520757940116851
si,2027,q3,b1w,10.393366525914917
si,2027,q3,b2l,40.583401661114024
si,2027,q3,b2w,118.24489718334172
si,2027,q3,b3l,128.13836898797825
si,2027,q3,b3w,371.89825361335556
si,2027,q3,b4,1929.0766424454382
si,2027,q3,b5,925.3418849438207
si,2027,q3,b6,323.69613016995953
si,2027,q4,b1l,3.337933567379721
si,2027,q4,b1w,9.856455529338968
si,2027,q4,b2l,38.54548254821732
si,2027,q4,b2w,112.5047925442386
si,2027,q4,b3l,122.08406898513796
si,2027,q4,b3w,355.4302542956727
si,2027,q4,b4,1866.8608835190312
si,2027,q4,b5,910.1835687494029
si,2027,q4,b6,317.503692144996
ni,2028,q1,b1l,8.815029370415152
ni,2028,q1,b1w,26.03749371008105
ni,2028,q1,b2l,101.86961591379676
ni,2028,q1,b2w,293.4541625346319
ni,2028,q1,b3l,316.53236172491273
ni,2028,q1,b3w,913.4253510092497
ni,2028,q1,b4,4331.5516601636455
ni,2028,q1,b5,1840.2163016206741
ni,2028,q1,b6,569.6520285692507
ni,2028,q2,b1l,9.660324553876364
ni,2028,q2,b1w,28.398876512658166
ni,2028,q2,b2l,109.62270353904334
ni,2028,q2,b2w,309.8769657718229
ni,2028,q2,b3l,328.12773034910873
ni,2028,q2,b3w,930.0895882022203
ni,2028,q2,b4,4408.604263603776
ni,2028,q2,b5,1777.8533513195684
ni,2028,q2,b6,545.7319952815745
ni,2028,q3,b1l,19.666317042675043
ni,2028,q3,b1w,57.92875314377066
ni,2028,q3,b2l,135.083984887196
ni,2028,q3,b2w,329.8773831875367
ni,2028,q3,b3l,351.4959056067846
ni,2028,q3,b3w,999.1068545462086
ni,2028,q3,b4,4867.202386515159
ni,2028,q3,b5,1953.1677028582885
ni,2028,q3,b6,601.1001104097743
ni,2028,q4,b1l,7.990586893533122
ni,2028,q4,b1w,23.638113747957313
ni,2028,q4,b2l,91.98430545913142
ni,2028,q4,b2w,265.44452159089593
ni,2028,q4,b3l,286.514952175082
ni,2028,q4,b3w,831.0941281059444
ni,2028,q4,b4,4147.878690724684
ni,2028,q4,b5,1703.808592785552
ni,2028,q4,b6,535.1512359865203
si,2028,q1,b1l,4.754076537475715
si,2028,q1,b1w,14.104337286765741
si,2028,q1,b2l,55.3387546484196
si,2028,q1,b2w,160.35144763921764
si,2028,q1,b3l,173.77925024828295
si,2028,q1,b3w,505.0795926948398
si,2028,q1,b4,2489.75689546641
si,2028,q1,b5,1224.1043229472293
si,2028,q1,b6,418.7032473336902
si,2028,q2,b1l,3.5922454888372726
si,2028,q2,b1w,10.576445975312003
si,2028,q2,b2l,41.05315958681214
si,2028,q2,b2w,118.39639098083623
si,2028,q2,b3l,127.00164729799135
si,2028,q2,b3w,365.13388777138147
si,2028,q2,b4,1825.0047006059285
si,2028,q2,b5,890.4057488228452
si,2028,q2,b6,307.6200537367402
si,2028,q3,b1l,3.5477118732925774
si,2028,q3,b1w,10.472588924027864
si,2028,q3,b2l,40.890570751903525
si,2028,q3,b2w,119.1316195295659
si,2028,q3,b3l,129.09096558847176
si,2028,q3,b3w,374.62409857728
si,2028,q3,b4,1942.4286008739773
si,2028,q3,b5,931.1225350610487
si,2028,q3,b6,325.54368876600955
si,2028,q4,b1l,3.3624508836158693
si,2028,q4,b1w,9.928491458828812
si,2028,q4,b2l,38.82487574303795
si,2028,q4,b2w,113.3117284702273
si,2028,q4,b3l,122.95181232513868
si,2028,q4,b3w,357.9261003727933
si,2028,q4,b4,1879.3450218465737
si,2028,q4,b5,915.7225763231925
si,2028,q4,b6,319.2563520089994
ni,2029,q1,b1l,8.959372511614317
ni,2029,q1,b1w,26.464537338984098
ni,2029,q1,b2l,103.54205227749634
ni,2029,q1,b2w,298.26818518640465
ni,2029,q1,b3l,321.7248667197246
ni,2029,q1,b3w,928.386064616346
ni,2029,q1,b4,4402.104914014954
ni,2029,q1,b5,1869.8353800681994
ni,2029,q1,b6,578.7873213302352
ni,2029,q2,b1l,9.82294348655011
ni,2029,q2,b1w,28.87704317423902
ni,2029,q2,b2l,111.46850824839426
ni,2029,q2,b2w,315.09507125320846
ni,2029,q2,b3l,333.6568876405409
ni,2029,q2,b3w,945.7702119926544
ni,2029,q2,b4,4482.9126428430145
ni,2029,q2,b5,1807.5539311588818
ni,2029,q2,b6,554.8631697741922
ni,2029,q3,b1l,19.98560688166556
ni,2029,q3,b1w,58.86945729779942
ni,2029,q3,b2l,137.33922710329364
ni,2029,q3,b2w,335.44971742767
ni,2029,q3,b3l,357.43310177072703
ni,2029,q3,b3w,1015.9730989291303
ni,2029,q3,b4,4949.291776934693
ni,2029,q3,b5,1985.8541708599248
ni,2029,q3,b6,611.1472717623868
ni,2029,q4,b1l,8.122690835990145
ni,2029,q4,b1w,24.029192950487314
ni,2029,q4,b2l,93.50958656308053
ni,2029,q4,b2w,269.85988424310045
ni,2029,q4,b3l,291.29295265721305
ni,2029,q4,b3w,844.9879327662328
ni,2029,q4,b4,4217.220279117438
ni,2029,q4,b5,1732.06689390669
ni,2029,q4,b6,544.0440685738422
si,2029,q1,b1l,4.801529009008689
si,2029,q1,b1w,14.244829937769452
si,2029,q1,b2l,55.88757053367974
si,2029,q1,b2w,161.92947845773432
si,2029,q1,b3l,175.47965370032966
si,2029,q1,b3w,509.98353720078273
si,2029,q1,b4,2513.002797853587
si,2029,q1,b5,1234.694173693085
si,2029,q1,b6,422.0789086627712
si,2029,q2,b1l,3.6217828145266386
si,2029,q2,b1w,10.663116912249452
si,2029,q2,b2l,41.386553897998716
si,2029,q2,b2w,119.34345117385219
si,2029,q2,b3l,128.00345474503487
si,2029,q2,b3w,367.9620123406876
si,2029,q2,b4,1838.218416943641
si,2029,q2,b5,896.1678459992697
si,2029,q2,b6,309.40443087014336
si,2029,q3,b1l,3.5768408558167426
si,2029,q3,b1w,10.558195654201047
si,2029,q3,b2l,41.22247620448851
si,2029,q3,b2w,120.08975697868745
si,2029,q3,b3l,130.12031858330946
si,2029,q3,b3w,377.570094548133
si,2029,q3,b4,1956.8734457374949
si,2029,q3,b5,937.3889276436007
si,2029,q3,b6,327.5494691170384
si,2029,q4,b1l,3.3891279484909105
si,2029,q4,b1w,10.00688709233075
si,2029,q4,b2l,39.12905307213541
si,2029,q4,b2w,114.19071228724854
si,2029,q4,b3l,123.89739239698994
si,2029,q4,b3w,360.6471224967113
si,2029,q4,b4,1892.9718817390637
si,2029,q4,b5,921.7851129682771
si,2029,q4,b6,321.1781844348316
ni,2030,q1,b1l,9.103633882719304
ni,2030,q1,b1w,26.891340337286525
ni,2030,q1,b2l,105.21353325582756
ni,2030,q1,b2w,303.0793148684091
ni,2030,q1,b3l,326.91420883347666
ni,2030,q1,b3w,943.3369872883178
ni,2030,q1,b4,4472.602342638164
ni,2030,q1,b5,1899.4233146468082
ni,2030,q1,b6,587.9092660781077
ni,2030,q2,b1l,9.985463653245073
ni,2030,q2,b1w,29.35493007618813
ni,2030,q2,b2l,113.3132684716032
ni,2030,q2,b2w,320.31033001442296
ni,2030,q2,b3l,339.183225231387
ni,2030,q2,b3w,961.4435007634515
ni,2030,q2,b4,4557.185758509293
ni,2030,q2,b5,1837.2350710265098
ni,2030,q2,b6,563.9860634552422
ni,2030,q3,b1l,20.304064226355575
ni,2030,q3,b1w,59.80771307486504
ni,2030,q3,b2l,139.59229142057302
ni,2030,q3,b2w,341.02055084600454
ni,2030,q3,b3l,363.3686907815333
ni,2030,q3,b3w,1032.8348069953408
ni,2030,q3,b4,5031.359462822533
ni,2030,q3,b5,2018.5324446252516
ni,2030,q3,b6,621.1881783504783
ni,2030,q4,b1l,8.254677434302398
ni,2030,q4,b1w,24.4199428707035
ni,2030,q4,b2l,95.03378210011115
ni,2030,q4,b2w,274.27282104586624
ni,2030,q4,b3l,296.0689242922166
ni,2030,q4,b3w,858.8769543103909
ni,2030,q4,b4,4286.535251061894
ni,2030,q4,b5,1760.3128428570637
ni,2030,q4,b6,552.929963507057
si,2030,q1,b1l,4.848933188496065
si,2030,q1,b1w,14.385178320582282
si,2030,q1,b2l,56.435853078342106
si,2030,q1,b2w,163.5061255000902
si,2030,q1,b3l,177.17872248061371
si,2030,q1,b3w,514.8841243770452
si,2030,q1,b4,2536.2430545887537
si,2030,q1,b5,1245.2882675735577
si,2030,q1,b6,425.45848148045246
si,2030,q2,b1l,3.651284164040821
si,2030,q2,b1w,10.749699246906525
si,2030,q2,b2l,41.71964697705194
si,2030,q2,b2w,120.28991876496369
si,2030,q2,b3l,129.00495309446018
si,2030,q2,b3w,370.7903035495544
si,2030,q2,b4,1851.4515382111356
si,2030,q2,b5,901.9520824296889
si,2030,q2,b6,311.19873243879454
si,2030,q3,b1l,3.6059256818090093
si,2030,q3,b1w,10.643690818378806
si,2030,q3,b2l,41.55402103830158
si,2030,q3,b2w,121.04708092386939
si,2030,q3,b3l,131.14907424721733
si,2030,q3,b3w,380.5153792284695
si,2030,q3,b4,1971.3324620653013
si,2030,q3,b5,943.6753905568592
si,2030,q3,b6,329.5643272929878
si,2030,q4,b1l,3.4157047356085988
si,2030,q4,b1w,10.084992239672356
si,2030,q4,b2l,39.432151008158925
si,2030,q4,b2w,115.06681938298082
si,2030,q4,b3l,124.84014602776003
si,2030,q4,b3w,363.3606040198935
si,2030,q4,b4,1906.5726764155286
si,2030,q4,b5,927.8477026474608
si,2030,q4,b6,323.1045360732132
ni,2031,q1,b1l,9.248789971159585
ni,2031,q1,b1w,27.320824225178708
ni,2031,q1,b2l,106.89547298126273
ni,2031,q1,b2w,307.92022296715095
ni,2031,q1,b3l,332.1356288881158
ni,2031,q1,b3w,958.3797504600194
ni,2031,q1,b4,4543.514588434924
ni,2031,q1,b5,1929.1821925979004
ni,2031,q1,b6,597.0776790532881
ni,2031,q2,b1l,10.149287869228074
ni,2031,q2,b1w,29.83664518919817
ni,2031,q2,b2l,115.17284444564685
ni,2031,q2,b2w,325.56758210100116
ni,2031,q2,b3l,344.75434064207053
ni,2031,q2,b3w,977.2449708917899
ni,2031,q2,b4,4632.0583089438505
ni,2031,q2,b5,1867.154175611819
ni,2031,q2,b6,573.1792298507074
ni,2031,q3,b1l,20.624311281642086
ni,2031,q3,b1w,60.75126071101191
ni,2031,q3,b2l,141.86136369878648
ni,2031,q3,b2w,346.6346064231102
ni,2031,q3,b3l,369.3506592894003
ni,2031,q3,b3w,1049.8290675375688
ni,2031,q3,b4,5114.065367988131
ni,2031,q3,b5,2051.46675820831
ni,2031,q3,b6,631.3025033239014
ni,2031,q4,b1l,8.387772410176593
ni,2031,q4,b1w,24.81397516751765
ni,2031,q4,b2l,96.57084105762901
ni,2031,q4,b2w,278.7229839139943
ni,2031,q4,b3l,300.8854821416002
ni,2031,q4,b3w,872.885401238314
ni,2031,q4,b4,4356.445554583625
ni,2031,q4,b5,1788.8060166280059
ni,2031,q4,b6,561.8889426539616
si,2031,q1,b1l,4.895965605040531
si,2031,q1,b1w,14.524422943245284
si,2031,q1,b2l,56.979789025259386
si,2031,q1,b2w,165.07034120028032
si,2031,q1,b3l,178.8643897261597
si,2031,q1,b3w,519.7461805475632
si,2031,q1,b4,2559.2980915697613
si,2031,q1,b5,1255.799141922402
si,2031,q1,b6,428.81197572926413
si,2031,q2,b1l,3.6804615319142626
si,2031,q2,b1w,10.835350465939428
si,2031,q2,b2l,42.049246154268836
si,2031,q2,b2w,121.22652184556821
si,2031,q2,b3l,129.99606444818704
si,2031,q2,b3w,373.5889940302544
si,2031,q2,b4,1864.538508842726
si,2031,q2,b5,907.6719662063158
si,2031,q2,b6,312.9738426249589
si,2031,q3,b1l,3.63470376376943
si,2031,q3,b1w,10.728290165811023
si,2031,q3,b2l,41.88213135151081
si,2031,q3,b2w,121.99459571734648
si,2031,q3,b3l,132.16728323686712
si,2031,q3,b3w,383.43018731351543
si,2031,q3,b4,1985.6355690209768
si,2031,q3,b5,949.894436014503
si,2031,q3,b6,331.55917464131136
si,2031,q4,b1l,3.4420348537389325
si,2031,q4,b1w,10.162381965619568
si,2031,q4,b2l,39.73245373073258
si,2031,q4,b2w,115.93467554655929
si,2031,q4,b3l,125.77387329448699
si,2031,q4,b3w,366.04817979800885
si,2031,q4,b4,1920.0431205732345
si,2031,q4,b5,933.851088848106
si,2031,q4,b6,325.01153536479336
ni,2032,q1,b1l,9.391989428181592
ni,2032,q1,b1w,27.744523560500213
ni,2032,q1,b2l,108.55476059173074
ni,2032,q1,b2w,312.69576063332374
ni,2032,q1,b3l,337.28651810837704
ni,2032,q1,b3w,973.2182496343271
ni,2032,q1,b4,4613.446728191273
ni,2032,q1,b5,1958.526320156131
ni,2032,q1,b6,606.1115924588177
ni,2032,q2,b1l,10.310598403664981
ni,2032,q2,b1w,30.310981641544423
ni,2032,q2,b2l,117.00405366962399
ni,2032,q2,b2w,330.7449474186098
ni,2032,q2,b3l,350.2412234952385
ni,2032,q2,b3w,992.808974041776
ni,2032,q2,b4,4705.799598280996
ni,2032,q2,b5,1896.6180264527136
ni,2032,q2,b6,582.2295319587249
ni,2032,q3,b1l,20.93691165442069
ni,2032,q3,b1w,61.672294423560615
ni,2032,q3,b2l,144.09014921780977
ni,2032,q3,b2w,352.1636196679837
ni,2032,q3,b3l,375.2423391693309
ni,2032,q3,b3w,1066.5675690816836
ni,2032,q3,b4,5195.517817979457
ni,2032,q3,b5,2083.904080406291
ni,2032,q3,b6,641.2577134301308
ni,2032,q4,b1l,8.518844826389477
ni,2032,q4,b1w,25.202032359112174
ni,2032,q4,b2l,98.0848619245595
ni,2032,q4,b2w,283.1073526550108
ni,2032,q4,b3l,305.63168914993156
ni,2032,q4,b3w,886.6910816041633
ni,2032,q4,b4,4425.338161687665
ni,2032,q4,b5,1816.886755600701
ni,2032,q4,b6,570.7122677252445
si,2032,q1,b1l,4.940791370351194
si,2032,q1,b1w,14.657140086033042
si,2032,q1,b2l,57.49825793342366
si,2032,q1,b2w,166.56136662964713
si,2032,q1,b3l,180.4713325036727
si,2032,q1,b3w,524.3816447716675
si,2032,q1,b4,2581.2922307796907
si,2032,q1,b5,1265.8285586465954
si,2032,q1,b6,432.0121320387004
si,2032,q2,b1l,3.708343637542849
si,2032,q2,b1w,10.917190719057736
si,2032,q2,b2l,42.36417902665472
si,2032,q2,b2w,122.1215243598446
si,2032,q2,b3l,130.94322031133
si,2032,q2,b3w,376.2642084036489
si,2032,q2,b4,1877.060669642101
si,2032,q2,b5,913.1490697088021
si,2032,q2,b6,314.6748265319859
si,2032,q3,b1l,3.6622148071600202
si,2032,q3,b1w,10.809162231977966
si,2032,q3,b2l,42.19576423471297
si,2032,q3,b2w,122.9002901232373
si,2032,q3,b3l,133.14061956965307
si,2032,q3,b3w,386.2168990130847
si,2032,q3,b4,1999.3162458619522
si,2032,q3,b5,955.8458367043992
si,2032,q3,b6,333.46879837698765
si,2032,q4,b1l,3.467183449438791
si,2032,q4,b1w,10.236293053145532
si,2032,q4,b2l,40.01926286891042
si,2032,q4,b2w,116.76367317516049
si,2032,q4,b3l,126.66593861875006
si,2032,q4,b3w,368.6160573995666
si,2032,q4,b4,1932.9196881242067
si,2032,q4,b5,939.5929394203695
si,2032,q4,b6,326.8368212315375
ni,2033,q1,b1l,9.540614047777654
ni,2033,q1,b1w,28.18428239915761
ni,2033,q1,b2l,110.2770087052494
ni,2033,q1,b2w,317.65271828471725
ni,2033,q1,b3l,342.6331417002719
ni,2033,q1,b3w,988.6212762415234
ni,2033,q1,b4,4686.051770543211
ni,2033,q1,b5,1988.9925331216123
ni,2033,q1,b6,615.4964657462165
ni,2033,q2,b1l,10.477962225452979
ni,2033,q2,b1w,30.803114441604222
ni,2033,q2,b2l,118.9039030037429
ni,2033,q2,b2w,336.11618997750674
ni,2033,q2,b3l,355.9332885063336
ni,2033,q2,b3w,1008.9538667225745
ni,2033,q2,b4,4782.295342590106
ni,2033,q2,b5,1927.1819157975572
ni,2033,q2,b6,591.6212191094321
ni,2033,q3,b1l,21.261373219350833
ni,2033,q3,b1w,62.628265054347096
ni,2033,q3,b2l,146.40295992730415
ni,2033,q3,b2w,357.9002663809014
ni,2033,q3,b3l,381.3549767862999
ni,2033,q3,b3w,1083.9327369898367
ni,2033,q3,b4,5280.019708517344
ni,2033,q3,b5,2117.551251223737
ni,2033,q3,b6,651.5894152333524
ni,2033,q4,b1l,8.654798069197955
ni,2033,q4,b1w,25.60453156062682
ni,2033,q4,b2l,99.65510290284281
ni,2033,q4,b2w,287.65416869746883
ni,2033,q4,b3l,310.553347329553
ni,2033,q4,b3w,901.0060981523355
ni,2033,q4,b4,4496.774615190778
ni,2033,q4,b5,1845.9988945385235
ni,2033,q4,b6,579.864237839153
si,2033,q1,b1l,4.987929519661725
si,2033,q1,b1w,14.796705735134008
si,2033,q1,b2l,58.04348849999899
si,2033,q1,b2w,168.12940343433698
si,2033,q1,b3l,182.16128964540763
si,2033,q1,b3w,529.2566799627572
si,2033,q1,b4,2604.426501559982
si,2033,q1,b5,1276.3791130381474
si,2033,q1,b6,435.3792473637975
si,2033,q2,b1l,3.7377335581171693
si,2033,q2,b1w,11.003455596328916
si,2033,q2,b2l,42.696143651319225
si,2033,q2,b2w,123.06498109608604
si,2033,q2,b3l,131.9417284058422
si,2033,q2,b3w,379.0846704661322
si,2033,q2,b4,1890.2658459944255
si,2033,q2,b5,918.926074111773
si,2033,q2,b6,316.4697785172832
si,2033,q3,b1l,3.691214141936986
si,2033,q3,b1w,10.894407646668023
si,2033,q3,b2l,42.526359415029525
si,2033,q3,b2w,123.85499228061065
si,2033,q3,b3l,134.16664279770427
si,2033,q3,b3w,389.15459555642923
si,2033,q3,b4,2013.7409347499515
si,2033,q3,b5,962.1216795038647
si,2033,q3,b6,335.4832789954441
si,2033,q4,b1l,3.493684208359228
si,2033,q4,b1w,10.314176084396557
si,2033,q4,b2l,40.321485576055316
si,2033,q4,b2w,117.63722184993163
si,2033,q4,b3l,127.60593453720027
si,2033,q4,b3w,371.32190082376485
si,2033,q4,b4,1946.489491610392
si,2033,q4,b5,945.6448478447849
si,2033,q4,b6,328.76149386394553
ni,2034,q1,b1l,9.68825610597412
ni,2034,q1,b1w,28.621148269748975
ni,2034,q1,b2l,111.98790830599296
ni,2034,q1,b2w,322.57667616738274
ni,2034,q1,b3l,347.94408441437037
ni,2034,q1,b3w,1003.9201362935074
ni,2034,q1,b4,4758.1449094239815
ni,2034,q1,b5,2019.238786995967
ni,2034,q1,b6,624.80780657615
ni,2034,q2,b1l,10.64431254566898
ni,2034,q2,b1w,31.29227264000045
ni,2034,q2,b2l,120.79233631561165
ni,2034,q2,b2w,341.4553938943222
ni,2034,q2,b3l,361.5918123722301
ni,2034,q2,b3w,1025.00512602718
ni,2034,q2,b4,4858.346304913946
ni,2034,q2,b5,1957.565731499411
ni,2034,q2,b6,600.9547960906273
ni,2034,q3,b1l,21.58233960149671
ni,2034,q3,b1w,63.573954939131255
ni,2034,q3,b2l,148.6986044247745
ni,2034,q3,b2w,363.6025128076391
ni,2034,q3,b3l,387.4313013550287
ni,2034,q3,b3w,1101.1956983600055
ni,2034,q3,b4,5364.024116923222
ni,2034,q3,b5,2151.0020279223127
ni,2034,q3,b6,661.8558744077316
ni,2034,q4,b1l,8.789922021328708
ni,2034,q4,b1w,26.00459116738738
ni,2034,q4,b2l,101.21604242504083
ni,2034,q4,b2w,292.1747560692775
ni,2034,q4,b3l,315.4473383171376
ni,2034,q4,b3w,915.2424521435955
ni,2034,q4,b4,4567.816884332084
ni,2034,q4,b5,1874.9537631282737
ni,2034,q4,b6,588.9630704104578
si,2034,q1,b1l,5.033850450672661
si,2034,q1,b1w,14.93266653188429
si,2034,q1,b2l,58.574639891075655
si,2034,q1,b2w,169.65698823522186
si,2034,q1,b3l,183.8076954049293
si,2034,q1,b3w,534.0062026051796
si,2034,q1,b4,2626.965972720476
si,2034,q1,b5,1286.6611549376682
si,2034,q1,b6,438.661101276218
si,2034,q2,b1l,3.7662917087320675
si,2034,q2,b1w,11.087283509012307
si,2034,q2,b2l,43.018750268061694
si,2034,q2,b2w,123.98187862556372
si,2034,q2,b3l,132.91216185766328
si,2034,q2,b3w,381.82595439466553
si,2034,q2,b4,1903.1019955805189
si,2034,q2,b5,924.5445325718424
si,2034,q2,b6,318.2158764189131
si,2034,q3,b1l,3.7193967038449673
si,2034,q3,b1w,10.977257239983166
si,2034,q3,b2l,42.847678163098415
si,2034,q3,b2w,124.78293831756574
si,2034,q3,b3l,135.1639465882
si,2034,q3,b3w,392.0101172769273
si,2034,q3,b4,2027.7631351883335
si,2034,q3,b5,968.2255438873688
si,2034,q3,b6,337.4428619302554
si,2034,q4,b1l,3.519452273640268
si,2034,q4,b1w,10.389911816671493
si,2034,q4,b2l,40.6153944499397
si,2034,q4,b2w,118.4868087843091
si,2034,q4,b3l,128.52021996632695
si,2034,q4,b3w,373.95397321039826
si,2034,q4,b4,1959.6922503205794
si,2034,q4,b5,951.5357343509047
si,2034,q4,b6,330.6352482953548
ni,2035,q1,b1l,9.840003452127197
ni,2035,q1,b1w,29.070170669496445
ni,2035,q1,b2l,113.7464658470837
ni,2035,q1,b2w,327.63787476691664
ni,2035,q1,b3l,353.4030689707868
ni,2035,q1,b3w,1019.6456150004569
ni,2035,q1,b4,4832.252555671887
ni,2035,q1,b5,2050.3292836481105
ni,2035,q1,b6,634.3819483616171
ni,2035,q2,b1l,10.815272628636448
ni,2035,q2,b1w,31.794984575005124
ni,2035,q2,b2l,122.7330615852559
ni,2035,q2,b2w,346.94235701986304
ni,2035,q2,b3l,367.4068162810728
ni,2035,q2,b3w,1041.4997628603876
ni,2035,q2,b4,4936.4994988850185
ni,2035,q2,b5,1988.7884565943325
ni,2035,q2,b6,610.5481926586477
ni,2035,q3,b1l,21.91202413288876
ni,2035,q3,b1w,64.54532773915484
ni,2035,q3,b2l,151.0575851842979
ni,2035,q3,b2w,369.46295696813513
ni,2035,q3,b3l,393.6760626025986
ni,2035,q3,b3w,1118.9366020705243
ni,2035,q3,b4,5450.354314576977
ni,2035,q3,b5,2185.3757302921963
ni,2035,q3,b6,672.4085030734063
ni,2035,q4,b1l,8.92875915470935
ni,2035,q4,b1w,26.415641521035184
ni,2035,q4,b2l,102.81981898365433
ni,2035,q4,b2w,296.81929480147573
ni,2035,q4,b3l,320.4753742650657
ni,2035,q4,b3w,929.8683749516986
ni,2035,q4,b4,4640.804313430496
ni,2035,q4,b5,1904.697932291232
ni,2035,q4,b6,598.3126547607503
si,2035,q1,b1l,5.081251762947012
si,2035,q1,b1w,15.073011275256073
si,2035,q1,b2l,59.122920465779984
si,2035,q1,b2w,171.23385509286803
si,2035,q1,b3l,185.50722053789008
si,2035,q1,b3w,538.9090037136302
si,2035,q1,b4,2650.2342613683027
si,2035,q1,b5,1297.276254412927
si,2035,q1,b6,442.0495145563687
si,2035,q2,b1l,3.7957978456526753
si,2035,q2,b1w,11.17389373712245
si,2035,q2,b2l,43.35206653234628
si,2035,q2,b2w,124.92923529262097
si,2035,q2,b3l,133.91486619911575
si,2035,q2,b3w,384.65848463013856
si,2035,q2,b4,1916.3666170979461
si,2035,q2,b5,930.3509989714966
si,2035,q2,b6,320.02069925653706
si,2035,q3,b1l,3.748515546303318
si,2035,q3,b1w,11.062858741834415
si,2035,q3,b2l,43.17967117545267
si,2035,q3,b2w,125.74172291932818
si,2035,q3,b3l,136.1944027076634
si,2035,q3,b3w,394.9606152736941
si,2035,q3,b4,2042.2527795200576
si,2035,q3,b5,974.5332181948326
si,2035,q3,b6,339.4681521294212
si,2035,q4,b1l,3.546071485597415
si,2035,q4,b1w,10.468148627061979
si,2035,q4,b2l,40.919009253237746
si,2035,q4,b2w,119.36445010612191
si,2035,q4,b3l,129.46469021524706
si,2035,q4,b3w,376.67293425456876
si,2035,q4,b4,1973.331430331343
si,2035,q4,b5,957.6217118099258
si,2035,q4,b6,332.5713678183626
ni,2036,q1,b1l,9.991651418341721
ni,2036,q1,b1w,29.51891231833629
ni,2036,q1,b2l,115.5039139821535
ni,2036,q1,b2w,332.6955950663759
ni,2036,q1,b3l,358.8582265812062
ni,2036,q1,b3w,1035.3588940717282
ni,2036,q1,b4,4906.285522404333
ni,2036,q1,b5,2081.3842057007055
ni,2036,q1,b6,643.9406812459504
ni,2036,q2,b1l,10.986193719319106
ni,2036,q2,b1w,32.29758679428288
ni,2036,q2,b2l,124.67341847025075
ni,2036,q2,b2w,352.42847572493514
ni,2036,q2,b3l,373.2212663627077
ni,2036,q2,b3w,1057.9940654055583
ni,2036,q2,b4,5014.6505358298855
ni,2036,q2,b5,2020.008471923527
ni,2036,q2,b6,620.1387732881815
ni,2036,q3,b1l,22.24027073875181
ni,2036,q3,b1w,65.51247821607727
ni,2036,q3,b2l,153.4132196694675
ni,2036,q3,b2w,375.32237102625817
ni,2036,q3,b3l,399.920011312426
ni,2036,q3,b3w,1136.6759751297054
ni,2036,q3,b4,5536.677240099723
ni,2036,q3,b5,2219.7477611673426
ni,2036,q3,b6,682.9568991009335
ni,2036,q4,b1l,9.067557047311725
ni,2036,q4,b1w,26.826588670873985
ni,2036,q4,b2l,104.42337207652552
ni,2036,q4,b2w,301.4637772587663
ni,2036,q4,b3l,325.50394683926294
ni,2036,q4,b3w,944.4973464762614
ni,2036,q4,b4,4713.805692415894
ni,2036,q4,b5,1934.450445726311
ni,2036,q4,b6,607.6621616823287
si,2036,q1,b1l,5.127837771554437
si,2036,q1,b1w,15.210941048715908
si,2036,q1,b2l,59.66176869585222
si,2036,q1,b2w,172.78362385306343
si,2036,q1,b3l,187.17757382129176
si,2036,q1,b3w,543.7277273719702
si,2036,q1,b4,2673.103562083697
si,2036,q1,b5,1307.7111397413412
si,2036,q1,b6,445.38061009877333
si,2036,q2,b1l,3.8247413453404895
si,2036,q2,b1w,11.258855415408721
si,2036,q2,b2l,43.67905374153014
si,2036,q2,b2w,125.85863018574186
si,2036,q2,b3l,134.89858887256148
si,2036,q2,b3w,387.43747871361353
si,2036,q2,b4,1929.3813905089012
si,2036,q2,b5,936.0499204770039
si,2036,q2,b6,321.7923095893305
si,2036,q3,b1l,3.777083026873199
si,2036,q3,b1w,11.146843198821625
si,2036,q3,b2l,43.505402813117236
si,2036,q3,b2w,126.68244612147309
si,2036,q3,b3l,137.20546972359543
si,2036,q3,b3w,397.8556191672112
si,2036,q3,b4,2056.470160870436
si,2036,q3,b5,980.7244250439607
si,2036,q3,b6,341.4561893054828
si,2036,q4,b1l,3.5721981212465677
si,2036,q4,b1w,10.544942334156332
si,2036,q4,b2l,41.2170367670795
si,2036,q4,b2w,120.22598963575341
si,2036,q4,b3l,130.39188602698425
si,2036,q4,b3w,379.3423331307326
si,2036,q4,b4,1986.7238093051944
si,2036,q4,b5,963.5992291247085
si,2036,q4,b6,334.47307403648233
ni,2037,q1,b1l,10.145477204664164
ni,2037,q1,b1w,29.97410761200769
ni,2037,q1,b2l,117.28664656406788
ni,2037,q1,b2w,337.82595558963624
ni,2037,q1,b3l,364.39169203509357
ni,2037,q1,b3w,1051.2971787327638
ni,2037,q1,b4,4981.371370765876
ni,2037,q1,b5,2112.879075085491
ni,2037,q1,b6,653.6335653787577
ni,2037,q2,b1l,11.159597334289419
ni,2037,q2,b1w,32.807490704078766
ni,2037,q2,b2l,126.64198138012313
ni,2037,q2,b2w,357.9944161765996
ni,2037,q2,b3l,379.12045381807735
ni,2037,q2,b3w,1074.7292349111085
ni,2037,q2,b4,5093.943122872209
ni,2037,q2,b5,2051.6839513518894
ni,2037,q2,b6,629.8689722748417
ni,2037,q3,b1l,22.57248980263914
ni,2037,q3,b1w,66.49133903121593
ni,2037,q3,b2l,155.80143936778305
ni,2037,q3,b2w,381.26705380267674
ni,2037,q3,b3l,406.254934768199
ni,2037,q3,b3w,1154.6740554927576
ni,2037,q3,b4,5624.259469097909
ni,2037,q3,b5,2254.621424455049
ni,2037,q3,b6,693.6583760732238
ni,2037,q4,b1l,9.208359779832431
ni,2037,q4,b1w,27.24347716312592
ni,2037,q4,b2l,106.05018208167797
ni,2037,q4,b2w,306.1758723067709
ni,2037,q4,b3l,330.60597164052376
ni,2037,q4,b3w,959.3406165655326
ni,2037,q4,b4,4787.876209536695
ni,2037,q4,b5,1964.6395751462458
ni,2037,q4,b6,617.1484247765692
si,2037,q1,b1l,5.174744272958586
si,2037,q1,b1w,15.349819580656694
si,2037,q1,b2l,60.204324678669145
si,2037,q1,b2w,174.34406136147956
si,2037,q1,b3l,188.85943665506025
si,2037,q1,b3w,548.5796862213139
si,2037,q1,b4,2696.1309126897822
si,2037,q1,b5,1318.2192178799817
si,2037,q1,b6,448.73520494349043
si,2037,q2,b1l,3.853874247046647
si,2037,q2,b1w,11.344373694380215
si,2037,q2,b2l,44.00818856827699
si,2037,q2,b2w,126.7941466804413
si,2037,q2,b3l,135.88880979326947
si,2037,q2,b3w,390.23489802368505
si,2037,q2,b4,1942.483337445611
si,2037,q2,b5,941.7878915981349
si,2037,q2,b6,323.57618099376316
si,2037,q3,b1l,3.8058391365016746
si,2037,q3,b1w,11.231383346304954
si,2037,q3,b2l,43.83329270063371
si,2037,q3,b2w,127.62941039088643
si,2037,q3,b3l,138.2232537308603
si,2037,q3,b3w,400.7698787294393
si,2037,q3,b4,2070.7825682817847
si,2037,q3,b5,986.9579256775944
si,2037,q3,b6,343.45787669738576
si,2037,q4,b1l,3.5985014617926683
si,2037,q4,b1w,10.622257020271949
si,2037,q4,b2l,41.517090916260116
si,2037,q4,b2w,121.09340803777918
si,2037,q4,b3l,131.32542844867132
si,2037,q4,b3w,382.03006005552203
si,2037,q4,b4,2000.2090390493995
si,2037,q4,b5,969.6189536525341
si,2037,q4,b6,336.38829237837723
ni,2038,q1,b1l,10.301270683694739
ni,2038,q1,b1w,30.435137328426283
ni,2038,q1,b2l,119.0922472310442
ni,2038,q1,b2w,343.0220129850473
ni,2038,q1,b3l,369.9959871167538
ni,2038,q1,b3w,1067.4389299881154
ni,2038,q1,b4,5057.408782153088
ni,2038,q1,b5,2144.7710306945387
ni,2038,q1,b6,663.4477286748895
ni,2038,q2,b1l,11.33523730815836
ni,2038,q2,b1w,33.323973046805115
ni,2038,q2,b2l,128.635958305977
ni,2038,q2,b2w,363.6322895461246
ni,2038,q2,b3l,385.09602035271627
ni,2038,q2,b3w,1091.6815472479318
ni,2038,q2,b4,5174.2652847133595
ni,2038,q2,b5,2083.769789075602
ni,2038,q2,b6,639.7252535885924
ni,2038,q3,b1l,22.908144305048907
ni,2038,q3,b1w,67.48032819929745
ni,2038,q3,b2l,158.21874684674773
ni,2038,q3,b2w,387.288659894306
ni,2038,q3,b3l,412.6719335786801
ni,2038,q3,b3w,1172.9055114133278
ni,2038,q3,b4,5712.97788919355
ni,2038,q3,b5,2289.9471465055317
ni,2038,q3,b6,704.4980374666601
ni,2038,q4,b1l,9.350962371808233
ni,2038,q4,b1w,27.66570051866725
ni,2038,q4,b2l,107.69788791518882
ni,2038,q4,b2w,310.9487703874653
ni,2038,q4,b3l,335.77408797637906
ni,2038,q4,b3w,974.3767955533391
ni,2038,q4,b4,4862.909374215735
ni,2038,q4,b5,1995.2213701810276
ni,2038,q4,b6,626.7579813743733
si,2038,q1,b1l,5.221877878064179
si,2038,q1,b1w,15.48937013956644
si,2038,q1,b2l,60.74950732448565
si,2038,q1,b2w,175.91207217220241
si,2038,q1,b3l,190.54947692706418
si,2038,q1,b3w,553.4552758664628
si,2038,q1,b4,2719.2706615172847
si,2038,q1,b5,1328.7795716356334
si,2038,q1,b6,452.1066133504351
si,2038,q2,b1l,3.8831242917357947
si,2038,q2,b1w,11.430237132828955
si,2038,q2,b2l,44.33865927259146
si,2038,q2,b2w,127.73347647345122
si,2038,q2,b3l,136.88308994924145
si,2038,q2,b3w,393.04384153529134
si,2038,q2,b4,1955.6397407307659
si,2038,q2,b5,947.550605731231
si,2038,q2,b6,325.36785350472246
si,2038,q3,b1l,3.8347132350759527
si,2038,q3,b1w,11.316272171612548
si,2038,q3,b2l,44.16254027257873
si,2038,q3,b2w,128.5803072203162
si,2038,q3,b3l,139.24527496649029
si,2038,q3,b3w,403.6962828891071
si,2038,q3,b4,2085.154812621163
si,2038,q3,b5,993.2184882196107
si,2038,q3,b6,345.4683251521798
si,2038,q4,b1l,3.6249176991987944
si,2038,q4,b1w,10.699905983797096
si,2038,q4,b2l,41.81844942496433
si,2038,q4,b2w,121.96462051620837
si,2038,q4,b3l,132.26307760047342
si,2038,q4,b3w,384.72968451363096
si,2038,q4,b4,2013.754905096225
si,2038,q4,b5,975.6665829666024
si,2038,q4,b6,338.3124528777072
ni,2039,q1,b1l,10.45900553856339
ni,2039,q1,b1w,30.901923281261414
ni,2039,q1,b2l,120.92040856132418
ni,2039,q1,b2w,348.2828685777745
ni,2039,q1,b3l,375.6701345686478
ni,2039,q1,b3w,1083.7812822405233
ni,2039,q1,b4,5134.383357759038
ni,2039,q1,b5,2177.0534944833958
ni,2039,q1,b6,673.3809121150192
ni,2039,q2,b1l,11.513093520380906
ni,2039,q2,b1w,33.84697446342986
ni,2039,q2,b2l,130.6551197891269
ni,2039,q2,b2w,369.3414435999605
ni,2039,q2,b3l,391.14727882664545
ni,2039,q2,b3w,1108.8490692231233
ni,2039,q2,b4,5255.607501048381
ni,2039,q2,b5,2116.261849199993
ni,2039,q2,b6,649.7062042925561
ni,2039,q3,b1l,23.24720202135926
ni,2039,q3,b1w,68.47935091336093
ni,2039,q3,b2l,160.66486884708405
ni,2039,q3,b2w,393.3864715626783
ni,2039,q3,b3l,419.17024677646583
ni,2039,q3,b3w,1191.3681880365605
ni,2039,q3,b4,5802.821704933168
ni,2039,q3,b5,2325.720346691522
ni,2039,q3,b6,715.4742934935449
ni,2039,q4,b1l,9.495346716574742
ni,2039,q4,b1w,28.0932052812766
ni,2039,q4,b2l,109.36628286887456
ni,2039,q4,b2w,315.7818771628343
ni,2039,q4,b3l,341.0076631513678
ni,2039,q4,b3w,989.6040809907685
ni,2039,q4,b4,4938.895915804543
ni,2039,q4,b5,2026.191827685842
ni,2039,q4,b6,636.4894182230306
si,2039,q1,b1l,5.269221163520297
si,2039,q1,b1w,15.629541207235185
si,2039,q1,b2l,61.29711582483527
si,2039,q1,b2w,177.487075657436
si,2039,q1,b3l,192.2470681241856
si,2039,q1,b3w,558.3526825919052
si,2039,q1,b4,2742.513954851531
si,2039,q1,b5,1339.3880799890924
si,2039,q1,b6,455.49349675322685
si,2039,q2,b1l,3.912482887183578
si,2039,q2,b1w,11.516420174474549
si,2039,q2,b2l,44.67036626274861
si,2039,q2,b2w,128.67633274592535
si,2039,q2,b3l,137.88111949649482
si,2039,q2,b3w,395.8634240855429
si,2039,q2,b4,1968.8462679982438
si,2039,q2,b5,953.3359721758711
si,2039,q2,b6,327.1666504830559
si,2039,q3,b1l,3.8636967153103563
si,2039,q3,b1w,11.401483902170941
si,2039,q3,b2l,44.493043855251756
si,2039,q3,b2w,129.53483872000731
si,2039,q3,b3l,140.27120939170464
si,2039,q3,b3w,406.6338923777135
si,2039,q3,b4,2099.582097951322
si,2039,q3,b5,999.5038171910181
si,2039,q3,b6,347.48676464142824
si,2039,q4,b1l,3.651440136923244
si,2039,q4,b1w,10.777869312578568
si,2039,q4,b2l,42.12103377893496
si,2039,q4,b2w,122.83939626482173
si,2039,q4,b3l,133.20458145013808
si,2039,q4,b3w,387.4404742357346
si,2039,q4,b4,2027.357523147706
si,2039,q4,b5,981.7401945955646
si,2039,q4,b6,340.24488087916313
ni,2040,q1,b1l,10.61877066285836
ni,2040,q1,b1w,31.374728913772483
ni,2040,q1,b2l,122.77216363781676
ni,2040,q1,b2w,353.6114994817263
ni,2040,q1,b3l,381.4173489896475
ni,2040,q1,b3w,1100.3335135912178
ni,2040,q1,b4,5212.339490946426
ni,2040,q1,b5,2209.7456357684987
ni,2040,q1,b6,683.4392296903595
ni,2040,q2,b1l,11.693257323769675
ni,2040,q2,b1w,34.3767638150095
ni,2040,q2,b2l,132.70050469899084
ni,2040,q2,b2w,375.12482118920894
ni,2040,q2,b3l,397.27734975662804
ni,2040,q2,b3w,1126.240659800829
ni,2040,q2,b4,5338.012096164147
ni,2040,q2,b5,2149.1774500900647
ni,2040,q2,b6,659.8173018803071
ni,2040,q3,b1l,23.589779266157688
ni,2040,q3,b1w,69.48874994842406
ni,2040,q3,b2l,163.14095079029968
ni,2040,q3,b2w,399.56365128802315
ni,2040,q3,b3l,425.7532460274573
ni,2040,q3,b3w,1210.0716757562338
ni,2040,q3,b4,5893.837913570565
ni,2040,q3,b5,2361.9601252699854
ni,2040,q3,b6,726.5931902066748
ni,2040,q4,b1l,9.641587925769077
ni,2040,q4,b1w,28.52621392214644
ni,2040,q4,b2l,111.05623611666206
ni,2040,q4,b2w,320.6777154670041
ni,2040,q4,b3l,346.3094286287012
ni,2040,q4,b3w,1005.0304101567414
ni,2040,q4,b4,5015.875738575545
ni,2040,q4,b5,2057.5676027373834
ni,2040,q4,b6,646.3481310009464
si,2040,q1,b1l,5.3167887487555285
si,2040,q1,b1w,15.77037599206649
si,2040,q1,b2l,61.84731771316355
si,2040,q1,b2w,179.06954645134346
si,2040,q1,b3l,193.95271775431485
si,2040,q1,b3w,563.2733610697971
si,2040,q1,b4,2765.867579274771
si,2040,q1,b5,1350.047633662473
si,2040,q1,b6,458.8967026290683
si,2040,q2,b1l,3.941962085045348
si,2040,q2,b1w,11.602958335056861
si,2040,q2,b2l,45.003446841801704
si,2040,q2,b2w,129.62310705034153
si,2040,q2,b3l,138.88331668940128
si,2040,q2,b3w,398.69483123529085
si,2040,q2,b4,1982.1086019880688
si,2040,q2,b5,959.1464394287302
si,2040,q2,b6,328.97330562464936
si,2040,q3,b1l,3.892801737915789
si,2040,q3,b1w,11.487054586449961
si,2040,q3,b2l,44.82494416766459
si,2040,q3,b2w,130.49341506625476
si,2040,q3,b3l,141.30150073877306
si,2040,q3,b3w,409.58398589276027
si,2040,q3,b4,2114.0707180375966
si,2040,q3,b5,1005.8166197932553
si,2040,q3,b6,349.5140662846016
si,2040,q4,b1l,3.6780756327182673
si,2040,q4,b1w,10.856166840109253
si,2040,q4,b2l,42.4249194142867
si,2040,q4,b2w,123.71795110118657
si,2040,q4,b3l,134.15017081328787
si,2040,q4,b3w,390.1630756180822
si,2040,q4,b4,2041.0200552482668
si,2040,q4,b5,987.8411188915112
si,2040,q4,b6,342.1860282071408
ni,2041,q1,b1l,10.78054676559847
ni,2041,q1,b1w,31.85349764542844
ni,2041,q1,b2l,124.64729023173831
ni,2041,q1,b2w,359.0072551062993
ni,2041,q1,b3l,387.2369216328183
ni,2041,q1,b3w,1117.0935369686422
ni,2041,q1,b4,5291.266653997941
ni,2041,q1,b5,2242.8428604931582
ni,2041,q1,b6,693.6211257194102
ni,2041,q2,b1l,11.875719584832336
ni,2041,q2,b1w,34.913314285126866
ni,2041,q2,b2l,134.77200975130603
ni,2041,q2,b2w,380.98212896255257
ni,2041,q2,b3l,403.4859266025495
ni,2041,q2,b3w,1143.8554686790817
ni,2041,q2,b4,5421.474972219148
ni,2041,q2,b5,2182.51492771576
ni,2041,q2,b6,670.0579671296149
ni,2041,q3,b1l,23.93583675219726
ni,2041,q3,b1w,70.50840992399768
ni,2041,q3,b2l,165.6468163374638
ni,2041,q3,b2w,405.8198742000715
ni,2041,q3,b3l,432.42059154453415
ni,2041,q3,b3w,1229.0150192696938
ni,2041,q3,b4,5986.021839959693
ni,2041,q3,b5,2398.664625849288
ni,2041,q3,b6,737.8540690702536
ni,2041,q4,b1l,9.789678396104312
ni,2041,q4,b1w,28.964704187654814
ni,2041,q4,b2l,112.76766357353607
ni,2041,q4,b2w,325.63605071761333
ni,2041,q4,b3l,351.67914438774073
ni,2041,q4,b3w,1020.6551160736257
ni,2041,q4,b4,5093.845406793674
ni,2041,q4,b5,2089.347302014532
ni,2041,q4,b6,656.3336186943192
si,2041,q1,b1l,5.364556945624447
si,2041,q1,b1w,15.911804481550243
si,2041,q1,b2l,62.39984018786733
si,2041,q1,b2w,180.6587047450556
si,2041,q1,b3l,195.66558759807668
si,2041,q1,b3w,568.2148967888305
si,2041,q1,b4,2789.3201075233724
si,2041,q1,b5,1360.7532698388757
si,2041,q1,b6,462.31471582653523
si,2041,q2,b1l,3.971542231808827
si,2041,q2,b1w,11.689793827638516
si,2041,q2,b2l,45.337677721582395
si,2041,q2,b2w,130.57316370933867
si,2041,q2,b3l,139.88900585726947
si,2041,q2,b3w,401.53615051680123
si,2041,q2,b4,1995.417735858096
si,2041,q2,b5,964.9781484284537
si,2041,q2,b6,330.7866216253643
si,2041,q3,b1l,3.922008458719053
si,2041,q3,b1w,11.572925728164627
si,2041,q3,b2l,45.15801323702069
si,2041,q3,b2w,131.45537252445436
si,2041,q3,b3l,142.3354324771437
si,2041,q3,b3w,412.54450253587726
si,2041,q3,b4,2128.6105795269846
si,2041,q3,b5,1012.1525748086668
si,2041,q3,b6,351.5488165204132
si,2041,q4,b1l,3.704810597450594
si,2041,q4,b1w,10.934759006180062
si,2041,q4,b2l,42.72995508754821
si,2041,q4,b2w,124.59985427708129
si,2041,q4,b3l,135.09938623580393
si,2041,q4,b3w,392.8961836889283
si,2041,q4,b4,2054.736087139132
si,2041,q4,b5,993.9666332204537
si,2041,q4,b6,344.1350097788367
ni,2042,q1,b1l,10.945376026798968
ni,2042,q1,b1w,32.34130818710699
ni,2042,q1,b2l,126.55783002058743
ni,2042,q1,b2w,364.50479608563734
ni,2042,q1,b3l,393.16623350765724
ni,2042,q1,b3w,1134.1691355109333
ni,2042,q1,b4,5371.674532161664
ni,2042,q1,b5,2276.5614455345963
ni,2042,q1,b6,703.9930775470489
ni,2042,q2,b1l,12.06161953260042
ni,2042,q2,b1w,35.45997521498807
ni,2042,q2,b2l,136.88257044829115
ni,2042,q2,b2w,386.94995825441214
ni,2042,q2,b3l,409.81179140835593
ni,2042,q2,b3w,1161.8035523141148
ni,2042,q2,b4,5506.517587008541
ni,2042,q2,b5,2216.484432839381
ni,2042,q2,b6,680.4924620799287
ni,2042,q3,b1l,24.287596112310666
ni,2042,q3,b1w,71.54487565633632
ni,2042,q3,b2l,168.19818745671728
ni,2042,q3,b2w,412.1940473545566
ni,2042,q3,b3l,439.213770740543
ni,2042,q3,b3w,1248.3162481766815
ni,2042,q3,b4,6079.948445733953
ni,2042,q3,b5,2436.064767783506
ni,2042,q3,b6,749.3275718985368
ni,2042,q4,b1l,9.940562276415102
ni,2042,q4,b1w,29.411470009818615
ni,2042,q4,b2l,114.51145127287386
ni,2042,q4,b2w,330.6883375262878
ni,2042,q4,b3l,357.1508003955736
ni,2042,q4,b3w,1036.5769039881252
ni,2042,q4,b4,5173.297235753754
ni,2042,q4,b5,2121.733513982619
ni,2042,q4,b6,666.5091580627474
si,2042,q1,b1l,5.4129156074259015
si,2042,q1,b1w,16.05498042769368
si,2042,q1,b2l,62.95919057022537
si,2042,q1,b2w,182.2674990967086
si,2042,q1,b3l,197.3996281226544
si,2042,q1,b3w,573.2175273833617
si,2042,q1,b4,2813.063084761778
si,2042,q1,b5,1371.5925998913087
si,2042,q1,b6,465.77557017422635
si,2042,q2,b1l,4.001501089078524
si,2042,q2,b1w,11.77774023544242
si,2042,q2,b2l,45.67618722046269
si,2042,q2,b2w,131.53540413272515
si,2042,q2,b3l,140.9076097271897
si,2042,q2,b3w,404.41402826855773
si,2042,q2,b4,2008.8989217951394
si,2042,q2,b5,970.885821372978
si,2042,q2,b6,332.6236542742719
si,2042,q3,b1l,3.9515901645563987
si,2042,q3,b1w,11.659899605820263
si,2042,q3,b2l,45.49536014398656
si,2042,q3,b2w,132.4296862635596
si,2042,q3,b3l,143.3826461869197
si,2042,q3,b3w,415.54307964708624
si,2042,q3,b4,2143.337888308961
si,2042,q3,b5,1018.570826180246
si,2042,q3,b6,353.6099943246918
si,2042,q4,b1l,3.731897381656299
si,2042,q4,b1w,11.014386461136015
si,2042,q4,b2l,43.03901302823347
si,2042,q4,b2w,125.49339761405793
si,2042,q4,b3l,136.0611409672015
si,2042,q4,b3w,395.66542925175173
si,2042,q4,b4,2068.6341334741483
si,2042,q4,b5,1000.173974949093
si,2042,q4,b6,346.11004341466685
ni,2043,q1,b1l,11.112326907322673
ni,2043,q1,b1w,32.835409500752625
ni,2043,q1,b2l,128.49302489203018
ni,2043,q1,b2w,370.0731543707492
ni,2043,q1,b3l,399.1718893096445
ni,2043,q1,b3w,1151.4639992687337
ni,2043,q1,b4,5453.107656918207
ni,2043,q1,b5,2310.7080961359193
ni,2043,q1,b6,714.4956867097338
ni,2043,q2,b1l,12.24992699277071
ni,2043,q2,b1w,36.01371811196661
ni,2043,q2,b2l,139.02049192116434
ni,2043,q2,b2w,392.99523334670357
ni,2043,q2,b3l,416.21989575656517
ni,2043,q2,b3w,1179.9854688117368
ni,2043,q2,b4,5592.668863784071
ni,2043,q2,b5,2250.8960908349645
ni,2043,q2,b6,691.0627656936739
ni,2043,q3,b1l,24.64294960763657
ni,2043,q3,b1w,72.59193800684838
ni,2043,q3,b2l,170.78064811992337
ni,2043,q3,b2w,418.65101399278996
ni,2043,q3,b3l,446.0953007249438
ni,2043,q3,b3w,1267.8687318652192
ni,2043,q3,b4,6175.098327297922
ni,2043,q3,b5,2473.9518833381453
ni,2043,q3,b6,760.9498735014271
ni,2043,q4,b1l,10.093384694025616
ni,2043,q4,b1w,29.863981973053647
ni,2043,q4,b2l,116.27774888857556
ni,2043,q4,b2w,335.80613121256977
ni,2043,q4,b3l,362.6936723874266
ni,2043,q4,b3w,1052.7065808965492
ni,2043,q4,b4,5253.786416577202
ni,2043,q4,b5,2154.5431845477383
ni,2043,q4,b6,676.817591082293
si,2043,q1,b1l,5.461483459139504
si,2043,q1,b1w,16.198775463136936
si,2043,q1,b2l,63.520960236134414
si,2043,q1,b2w,183.88326016948614
si,2043,q1,b3l,199.1411889285335
si,2043,q1,b3w,578.2418747288303
si,2043,q1,b4,2836.908950097809
si,2043,q1,b5,1382.4797580097274
si,2043,q1,b6,469.25174080920664
si,2043,q2,b1l,4.0315654828652505
si,2043,q2,b1w,11.865997473248125
si,2043,q2,b2l,46.01589857325961
si,2043,q2,b2w,132.50107161376064
si,2043,q2,b3l,141.92985538101792
si,2043,q2,b3w,407.3022371335024
si,2043,q2,b4,2022.428876799812
si,2043,q2,b5,976.8155654578528
si,2043,q2,b6,334.4675735297864
si,2043,q3,b1l,3.981278064737982
si,2043,q3,b1w,11.74718722286072
si,2043,q3,b2l,45.83392649295325
si,2043,q3,b2w,133.40752575629287
si,2043,q3,b3l,144.433654793296
si,2043,q3,b3w,418.5525180281657
si,2043,q3,b4,2158.1184905731134
si,2043,q3,b5,1025.013085392575
si,2043,q3,b6,355.67887034198975
si,2043,q4,b1l,3.759088323311667
si,2043,q4,b1w,11.094322258280485
si,2043,q4,b2l,43.34927269488208
si,2043,q4,b2w,126.39043741383328
si,2043,q4,b3l,137.0266804956005
si,2043,q4,b3w,398.44563057137566
si,2043,q4,b4,2082.5878405216286
si,2043,q4,b5,1006.4068112904256
si,2043,q4,b6,348.0931753985693
ni,2044,q1,b1l,11.281371024436153
ni,2044,q1,b1w,33.33571785020293
ni,2044,q1,b2l,130.45254690099387
ni,2044,q1,b2w,375.71137314895515
ni,2044,q1,b3l,405.2528511125739
ni,2044,q1,b3w,1168.9751006288052
ni,2044,q1,b4,5535.551212458007
ni,2044,q1,b5,2345.2766326836877
ni,2044,q1,b6,725.1269956130277
ni,2044,q2,b1l,12.440614768475287
ni,2044,q2,b1w,36.57446302891338
ni,2044,q2,b2l,141.18546672889974
ni,2044,q2,b2w,399.11709181893866
ni,2044,q2,b3l,422.7093376723679
ni,2044,q2,b3w,1198.3987094964982
ni,2044,q2,b4,5679.916963619139
ni,2044,q2,b5,2285.745275681069
ni,2044,q2,b6,701.7674592779865
ni,2044,q3,b1l,25.00183799981393
ni,2044,q3,b1w,73.649422938698
ni,2044,q3,b2l,173.39380834748098
ni,2044,q3,b2w,425.1898463244759
ni,2044,q3,b3l,453.06420383769694
ni,2044,q3,b3w,1287.6697356689144
ni,2044,q3,b4,6271.458351307188
ni,2044,q3,b5,2512.3209905686927
ni,2044,q3,b6,772.7194148593777
ni,2044,q4,b1l,10.248123641100216
ni,2044,q4,b1w,30.322175300310466
ni,2044,q4,b2l,118.06630776464932
ni,2044,q4,b2w,340.98872649950033
ni,2044,q4,b3l,368.30701043205903
ni,2044,q4,b3w,1069.0420064576392
ni,2044,q4,b4,5335.302240237867
ni,2044,q4,b5,2187.772273637693
ni,2044,q4,b6,687.2576594808633
si,2044,q1,b1l,5.510242376990917
si,2044,q1,b1w,16.34313592317099
si,2044,q1,b2l,64.08494102882257
si,2044,q1,b2w,185.50539913889864
si,2044,q1,b3l,200.88963984765175
si,2044,q1,b3w,583.286135509725
si,2044,q1,b4,2860.8492338312776
si,2044,q1,b5,1393.410864120607
si,2044,q1,b6,472.74203465314605
si,2044,q2,b1l,4.061729437478015
si,2044,q2,b1w,11.954547477128065
si,2044,q2,b2l,46.35674322657196
si,2044,q2,b2w,133.4699799164698
si,2044,q2,b3l,142.95556057720228
si,2044,q2,b3w,410.20029160430107
si,2044,q2,b4,2036.0054888048708
si,2044,q2,b5,982.7664370149931
si,2044,q2,b6,336.3181591276867
si,2044,q3,b1l,4.0110669551823355
si,2044,q3,b1w,11.834772953356845
si,2044,q3,b2l,46.17365247928773
si,2044,q3,b2w,134.3887219752137
si,2044,q3,b3l,145.48827879441373
si,2044,q3,b3w,421.57231770300535
si,2044,q3,b4,2172.9501493953435
si,2044,q3,b5,1031.478391483428
si,2044,q3,b6,357.7551806020965
si,2044,q4,b1l,3.786376724013083
si,2044,q4,b1w,11.174546723569808
si,2044,q4,b2l,43.660659417106295
si,2044,q4,b2w,127.29076026862471
si,2044,q4,b3l,137.9957760649131
si,2044,q4,b3w,401.2361353875684
si,2044,q4,b4,2096.5939408668132
si,2044,q4,b5,1012.6636527070684
si,2044,q4,b6,350.0839599510025
ni,2045,q1,b1l,11.452598776794042
ni,2045,q1,b1w,33.8425011199561
ni,2045,q1,b2l,132.4374463402231
ni,2045,q1,b2w,381.422483514522
ni,2045,q1,b3l,411.4123953375769
ni,2045,q1,b3w,1186.7118915818794
ni,2045,q1,b4,5619.049950458437
ni,2045,q1,b5,2380.2858589088023
ni,2045,q1,b6,735.8928239009273
ni,2045,q2,b1l,12.633779773488087
ni,2045,q2,b1w,37.14249511590516
ni,2045,q2,b2l,143.37859725402168
ni,2045,q2,b2w,405.31865615717055
ni,2045,q2,b3l,429.28342662257603
ni,2045,q2,b3w,1217.0526512435413
ni,2045,q2,b4,5768.306369112584
ni,2045,q2,b5,2321.049751988317
ni,2045,q2,b6,712.6120355902506
ni,2045,q3,b1l,25.364405415319464
ni,2045,q3,b1w,74.71775482142036
ni,2045,q3,b2l,176.03891441960843
ni,2045,q3,b2w,431.81385979411397
ni,2045,q3,b3l,460.1240116492443
ni,2045,q3,b3w,1307.7292808674067
ni,2045,q3,b4,6369.077236170826
ni,2045,q3,b5,2551.191314934298
ni,2045,q3,b6,784.6421320405332
ni,2045,q4,b1l,10.404858197704119
ni,2045,q4,b1w,30.786283896416904
ni,2045,q4,b2l,119.87803885926343
ni,2045,q4,b2w,346.23875498156195
ni,2045,q4,b3l,373.9936566771196
ni,2045,q4,b3w,1085.5914341349187
ni,2045,q4,b4,5417.885921188679
ni,2045,q4,b5,2221.4374046184985
ni,2045,q4,b6,697.8345945140941
si,2045,q1,b1l,5.55921845878667
si,2045,q1,b1w,16.488138725690156
si,2045,q1,b2l,64.65143203050046
si,2045,q1,b2w,187.13476605949324
si,2045,q1,b3l,202.64589192339946
si,2045,q1,b3w,588.3529249047497
si,2045,q1,b4,2884.8963534647555
si,2045,q1,b5,1404.391801676036
si,2045,q1,b6,476.2483453499587
si,2045,q2,b1l,4.092009655950804
si,2045,q2,b1w,12.043439751561593
si,2045,q2,b2l,46.698911859406735
si,2045,q2,b2w,134.44266741132532
si,2045,q2,b3l,143.985282525748
si,2045,q2,b3w,413.10974584607277
si,2045,q2,b4,2049.6358738657646
si,2045,q2,b5,988.7416204109574
si,2045,q2,b6,338.17636485036087
si,2045,q3,b1l,4.040972697426608
si,2045,q3,b1w,11.922703761742936
si,2045,q3,b2l,46.514720826108494
si,2045,q3,b2w,135.37380174652185
si,2045,q3,b3l,146.54708215936117
si,2045,q3,b3w,424.60408677637014
si,2045,q3,b4,2187.8406247280554
si,2045,q3,b5,1037.9701766572625
si,2045,q3,b6,359.8400084243832
si,2045,q4,b1l,3.8137802966202434
si,2045,q4,b1w,11.25511203053534
si,2045,q4,b2l,43.97337522960789
si,2045,q4,b2w,128.19494496672897
si,2045,q4,b3l,138.96904794910932
si,2045,q4,b3w,404.0387281714335
si,2045,q4,b4,2110.661490726323
si,2045,q4,b5,1018.9486621785928
si,2045,q4,b6,352.08371079329925
ni,2046,q1,b1l,11.626040810247027
ni,2046,q1,b1w,34.355849947419635
ni,2046,q1,b2l,134.44807828211975
ni,2046,q1,b2w,387.2074982994556
ni,2046,q1,b3l,417.65160467839183
ni,2046,q1,b3w,1204.6774627713821
ni,2046,q1,b4,5703.618216479284
ni,2046,q1,b5,2415.7418469182567
ni,2046,q1,b6,746.7950567630326
ni,2046,q2,b1l,12.82945497636916
ni,2046,q2,b1w,37.71791120867279
ni,2046,q2,b2l,145.60025595921473
ni,2046,q2,b2w,411.60097504324057
ni,2046,q2,b3l,435.9432765161809
ni,2046,q2,b3w,1235.950471038212
ni,2046,q2,b4,5857.852096176549
ni,2046,q2,b5,2356.815591672785
ni,2046,q2,b6,723.5983622094836
ni,2046,q3,b1l,25.730677007384624
ni,2046,q3,b1w,75.79700800169216
ni,2046,q3,b2l,178.7163420098469
ni,2046,q3,b2w,438.524191349502
ni,2046,q3,b3l,467.27594180737765
ni,2046,q3,b3w,1328.0508402850044
ni,2046,q3,b4,6467.971930545644
ni,2046,q3,b5,2590.5697644016113
ni,2046,q3,b6,796.7201644007721
ni,2046,q4,b1l,10.563614826236925
ni,2046,q4,b1w,31.25638635163959
ni,2046,q4,b2l,121.71325077747554
ni,2046,q4,b2w,351.5571153990158
ni,2046,q4,b3l,379.7545898356052
ni,2046,q4,b3w,1102.3577181428327
ni,2046,q4,b4,5501.551559153949
ni,2046,q4,b5,2255.5444960112695
ni,2046,q4,b6,708.5502848288438
si,2046,q1,b1l,5.608414289230385
si,2046,q1,b1w,16.63379181656283
si,2046,q1,b2l,65.22046574546268
si,2046,q1,b2w,188.7714616981792
si,2046,q1,b3l,204.41005900258398
si,2046,q1,b3w,593.4425816836269
si,2046,q1,b4,2909.0519193031396
si,2046,q1,b5,1415.4231163545903
si,2046,q1,b6,479.77080761726575
si,2046,q2,b1l,4.122410120331885
si,2046,q2,b1w,12.13268542382957
si,2046,q2,b2l,47.0424466380998
si,2046,q2,b2w,135.41925538102956
si,2046,q2,b3l,145.01915837442542
si,2046,q2,b3w,416.0310041739223
si,2046,q2,b4,2063.3221531622444
si,2046,q2,b5,994.7419844017177
si,2046,q2,b6,340.0424796785902
si,2046,q3,b1l,4.070999613860056
si,2046,q3,b1w,12.010992111326127
si,2046,q3,b2l,46.857178815225744
si,2046,q3,b2w,136.36290205623195
si,2046,q3,b3l,147.61021505106388
si,2046,q3,b3w,427.6482656771349
si,2046,q3,b4,2202.7921660630045
si,2046,q3,b5,1044.4893336600776
si,2046,q3,b6,361.93364539612605
si,2046,q4,b1l,3.841299477599554
si,2046,q4,b1w,11.336019029338608
si,2046,q4,b2l,44.28742301069748
si,2046,q4,b2w,129.10300571273763
si,2046,q4,b3l,139.94651680173803
si,2046,q4,b3w,406.8534698361581
si,2046,q4,b4,2124.790708112038
si,2046,q4,b5,1025.261832558547
si,2046,q4,b6,354.0924455392617
ni,2047,q1,b1l,11.79580136027476
ni,2047,q1,b1w,34.858348652737476
ni,2047,q1,b2l,136.41632956951193
ni,2047,q1,b2w,392.8703531394702
ni,2047,q1,b3l,423.7590336545622
ni,2047,q1,b3w,1222.2621511864627
ni,2047,q1,b4,5786.373393514355
ni,2047,q1,b5,2450.4212579644663
ni,2047,q1,b6,757.4579640755691
ni,2047,q2,b1l,13.02115800237464
ni,2047,q2,b1w,38.281652624509576
ni,2047,q2,b2l,147.77684064604088
ni,2047,q2,b2w,417.75589190267925
ni,2047,q2,b3l,442.46829204109724
ni,2047,q2,b3w,1254.4661953646323
ni,2047,q2,b4,5945.588365056207
ni,2047,q2,b5,2391.8474167160316
ni,2047,q2,b6,734.3612273324003
ni,2047,q3,b1l,26.087965408936252
ni,2047,q3,b1w,76.84980413233835
ni,2047,q3,b2l,181.33653547440105
ni,2047,q3,b2w,445.0994516369138
ni,2047,q3,b3l,474.283924455594
ni,2047,q3,b3w,1347.9628452679244
ni,2047,q3,b4,6564.870994544697
ni,2047,q3,b5,2629.141871988079
ni,2047,q3,b6,808.551691326456
ni,2047,q4,b1l,10.719022126190474
ni,2047,q4,b1w,31.71658618501747
ni,2047,q4,b2l,123.50999551879968
ni,2047,q4,b2w,356.76477518270946
ni,2047,q4,b3l,385.39627185839123
ni,2047,q4,b3w,1118.7787121786
ni,2047,q4,b4,5583.494752842008
ni,2047,q4,b5,2288.9392581568804
ni,2047,q4,b6,719.0444393966802
si,2047,q1,b1l,5.655696568844198
si,2047,q1,b1w,16.773780147095643
si,2047,q1,b2l,65.76737445683358
si,2047,q1,b2w,190.34461809156596
si,2047,q1,b3l,206.10578718576716
si,2047,q1,b3w,598.3348842136717
si,2047,q1,b4,2932.268071154105
si,2047,q1,b5,1426.025565558193
si,2047,q1,b6,483.15612683247076
si,2047,q2,b1l,4.151440554211588
si,2047,q2,b1w,12.217918257554809
si,2047,q2,b2l,47.37056039810859
si,2047,q2,b2w,136.3519789231367
si,2047,q2,b3l,146.00662092872287
si,2047,q2,b3w,418.8210730395165
si,2047,q2,b4,2076.3912665856965
si,2047,q2,b5,1000.4730493398314
si,2047,q2,b6,341.8248025581412
si,2047,q3,b1l,4.099683431188573
si,2047,q3,b1w,12.095338776746598
si,2047,q3,b2l,47.184370088096365
si,2047,q3,b2w,137.3079521884483
si,2047,q3,b3l,148.6260344410986
si,2047,q3,b3w,430.55683247407705
si,2047,q3,b4,2217.074850389492
si,2047,q3,b5,1050.718657909916
si,2047,q3,b6,363.93436124367014
si,2047,q4,b1l,3.8675818270951106
si,2047,q4,b1w,11.413298761573277
si,2047,q4,b2l,44.58740879817871
si,2047,q4,b2w,129.9704632091295
si,2047,q4,b3l,140.8803440553932
si,2047,q4,b3w,409.54277451800465
si,2047,q4,b4,2138.2914577280894
si,2047,q4,b5,1031.2954688403274
si,2047,q4,b6,356.01210922900776
ni,2048,q1,b1l,11.967603753989504
ni,2048,q1,b1w,35.36690309542144
ni,2048,q1,b2l,138.40831768695304
ni,2048,q1,b2w,398.6013661370535
ni,2048,q1,b3l,429.93993269189934
ni,2048,q1,b3w,1240.0577622995352
ni,2048,q1,b4,5870.113802501308
ni,2048,q1,b5,2485.5121187361665
ni,2048,q1,b6,768.2463846677496
ni,2048,q2,b1l,13.215172035361439
ni,2048,q2,b1w,38.85219240109661
ni,2048,q2,b2l,149.97969378351837
ni,2048,q2,b2w,423.9851795060317
ni,2048,q2,b3l,449.07231053696455
ni,2048,q2,b3w,1273.2066528504856
ni,2048,q2,b4,6034.39034029355
ni,2048,q2,b5,2427.3044476532154
ni,2048,q2,b6,745.2547528677479
ni,2048,q3,b1l,26.448543474293707
ni,2048,q3,b1w,77.91230031717218
ni,2048,q3,b2l,183.9862412680817
ni,2048,q3,b2w,451.7542132922043
ni,2048,q3,b3l,481.3767704905542
ni,2048,q3,b3w,1368.116260515282
ni,2048,q3,b4,6662.945735264347
ni,2048,q3,b5,2668.182289901983
ni,2048,q3,b6,820.5263050344474
ni,2048,q4,b1l,10.876289181235778
ni,2048,q4,b1w,32.18229955971478
ni,2048,q4,b2l,125.32835067525451
ni,2048,q4,b2w,362.0353636426902
ni,2048,q4,b3l,391.1064026003242
ni,2048,q4,b3w,1135.3996121907896
ni,2048,q4,b4,5666.4354477279185
ni,2048,q4,b5,2322.7416615515285
ni,2048,q4,b6,729.6665658731293
si,2048,q1,b1l,5.703122527669775
si,2048,q1,b1w,16.914193841194713
si,2048,q1,b2l,66.31594711782691
si,2048,q1,b2w,191.92257754427226
si,2048,q1,b3l,207.80670836473888
si,2048,q1,b3w,603.2422008274206
si,2048,q1,b4,2955.555355675102
si,2048,q1,b5,1436.6614633879663
si,2048,q1,b6,486.5522206741976
si,2048,q2,b1l,4.180541575925172
si,2048,q2,b1w,12.303358586788685
si,2048,q2,b2l,47.699478703193016
si,2048,q2,b2w,137.2870091839966
si,2048,q2,b3l,146.9965537317405
si,2048,q2,b3w,421.61819809496
si,2048,q2,b4,2089.494194063142
si,2048,q2,b5,1006.2196705823736
si,2048,q2,b6,343.6120517112397
si,2048,q3,b1l,4.128439403947893
si,2048,q3,b1w,12.179898684174589
si,2048,q3,b2l,47.5123903778692
si,2048,q3,b2w,138.25540074179315
si,2048,q3,b3l,149.64443804846263
si,2048,q3,b3w,433.4728058696284
si,2048,q3,b4,2231.3941211471133
si,2048,q3,b5,1056.964713766987
si,2048,q3,b6,365.9404649261347
si,2048,q4,b1l,3.893936426830975
si,2048,q4,b1w,11.490792812173945
si,2048,q4,b2l,44.888233550336025
si,2048,q4,b2w,130.84037723632102
si,2048,q4,b3l,141.81684243510082
si,2048,q4,b3w,412.2398385901409
si,2048,q4,b4,2151.831894571998
si,2048,q4,b5,1037.3474968809426
si,2048,q4,b6,357.9376538352966
ni,2049,q1,b1l,12.141583739679458
ni,2049,q1,b1w,35.881915597062026
ni,2049,q1,b2l,140.42562057050597
ni,2049,q1,b2w,404.40508391551907
ni,2049,q1,b3l,436.1992087793826
ni,2049,q1,b3w,1258.0784394669865
ni,2049,q1,b4,5954.906544186323
ni,2049,q1,b5,2521.0426823889156
ni,2049,q1,b6,779.1692389996002
ni,2049,q2,b1l,13.411651785803814
ni,2049,q2,b1w,39.429985556133005
ni,2049,q2,b2l,152.21057178812254
ni,2049,q2,b2w,430.29380614492123
ni,2049,q2,b3l,455.760591954753
ni,2049,q2,b3w,1292.186736066514
ni,2049,q2,b4,6124.3288169375
ni,2049,q2,b5,2463.215073206913
ni,2049,q2,b6,756.2878220605387
ni,2049,q3,b1l,26.812672103955098
ni,2049,q3,b1w,78.98526534531295
ni,2049,q3,b2l,186.667518130774
ni,2049,q3,b2w,458.49378125937534
ni,2049,q3,b3l,488.56012760918304
ni,2049,q3,b3w,1388.527102561576
ni,2049,q3,b4,6762.274218082685
ni,2049,q3,b5,2707.722032975588
ni,2049,q3,b6,832.6537342709908
ni,2049,q4,b1l,11.035541246169899
ni,2049,q4,b1w,32.653897079203134
ni,2049,q4,b2l,127.16975845687747
ni,2049,q4,b2w,367.37304843098383
ni,2049,q4,b3l,396.8894824703099
ni,2049,q4,b3w,1152.2334799183495
ni,2049,q4,b4,5750.438958934141
ni,2049,q4,b5,2356.9782621765526
ni,2049,q4,b6,740.4252212077979
si,2049,q1,b1l,5.750743223515593
si,2049,q1,b1w,17.055183206559498
si,2049,q1,b2l,66.8667692194603
si,2049,q1,b2w,193.50701354069835
si,2049,q1,b3l,209.51461989668886
si,2049,q1,b3w,608.1697025570606
si,2049,q1,b4,2978.93826988502
si,2049,q1,b5,1447.341910738038
si,2049,q1,b6,489.9626082689345
si,2049,q2,b1l,4.209745337471498
si,2049,q2,b1w,12.389101494855836
si,2049,q2,b2l,48.02956830410954
si,2049,q2,b2w,138.22538421685132
si,2049,q2,b3l,147.99004564118616
si,2049,q2,b3w,424.42542603047144
si,2049,q2,b4,2102.644682989415
si,2049,q2,b5,1011.9878125287595
si,2049,q2,b6,345.40605150756943
si,2049,q3,b1l,4.157299064731839
si,2049,q3,b1w,12.264765122154955
si,2049,q3,b2l,47.84160392359341
si,2049,q3,b2w,139.2063038408227
si,2049,q3,b3l,150.66656118474683
si,2049,q3,b3w,436.3994358424285
si,2049,q3,b4,2245.7657162528462
si,2049,q3,b5,1063.2344124898486
si,2049,q3,b6,367.95418387735504
si,2049,q4,b1l,3.9203933469793824
si,2049,q4,b1w,11.568590021712097
si,2049,q4,b2l,45.190239391845495
si,2049,q4,b2w,131.71371984047198
si,2049,q4,b3l,142.75704713945527
si,2049,q4,b3w,414.94762710947504
si,2049,q4,b4,2165.426801032631
si,2049,q4,b5,1043.4244754940185
si,2049,q4,b6,359.8711279132178
ni,2050,q1,b1l,12.31770933844175
ni,2050,q1,b1w,36.403292114416594
ni,2050,q1,b2l,142.4678692828682
ni,2050,q1,b2w,410.2804325190385
ni,2050,q1,b3l,442.53569602065676
ni,2050,q1,b3w,1276.3207891619616
ni,2050,q1,b4,6040.735043936474
ni,2050,q1,b5,2557.0060862710393
ni,2050,q1,b6,790.2242657176157
ni,2050,q2,b1l,13.610568370506925
ni,2050,q2,b1w,40.014947199404006
ni,2050,q2,b2l,154.46914837015396
ni,2050,q2,b2w,436.6808554753945
ni,2050,q2,b3l,462.53217675971297
ni,2050,q2,b3w,1311.4037671553972
ni,2050,q2,b4,6215.391125449249
ni,2050,q2,b5,2499.5744234097656
ni,2050,q2,b6,767.4589010108494
ni,2050,q3,b1l,27.180248358793275
ni,2050,q3,b1w,80.0683960047486
ni,2050,q3,b2l,189.379868451909
ni,2050,q3,b2w,465.3171700532593
ni,2050,q3,b3l,495.8329555467969
ni,2050,q3,b3w,1409.1924501988356
ni,2050,q3,b4,6862.842316889671
ni,2050,q3,b5,2747.7557543685484
ni,2050,q3,b6,844.9322559365447
ni,2050,q4,b1l,11.196755352780428
ni,2050,q4,b1w,33.13131096619647
ni,2050,q4,b2l,129.03395869737642
ni,2050,q4,b2w,372.77708803547694
ni,2050,q4,b3l,402.7447204305439
ni,2050,q4,b3w,1169.2780458861166
ni,2050,q4,b4,5835.493934221055
ni,2050,q4,b5,2391.6446912286606
ni,2050,q4,b6,751.3189367127419
si,2050,q1,b1l,5.798547046040143
si,2050,q1,b1w,17.196714385955723
si,2050,q1,b2l,67.4197107935524
si,2050,q1,b2w,195.097557279303
si,2050,q1,b3l,211.22912972923086
si,2050,q1,b3w,613.1162732511089
si,2050,q1,b4,3002.4115949064512
si,2050,q1,b5,1458.0647129947602
si,2050,q1,b6,493.3866427499203
si,2050,q2,b1l,4.239052196116607
si,2050,q2,b1w,12.47514724752989
si,2050,q2,b2l,48.360829466956424
si,2050,q2,b2w,139.16710953739664
si,2050,q2,b3l,148.98710725766398
si,2050,q2,b3w,427.24281524388545
si,2050,q2,b4,2115.8434185154733
si,2050,q2,b5,1017.7777806254967
si,2050,q2,b6,347.2069409016902
si,2050,q3,b1l,4.186262729445605
si,2050,q3,b1w,12.34993825866766
si,2050,q3,b2l,48.1720092541011
si,2050,q3,b2w,140.16065359345896
si,2050,q3,b3l,151.69239376915118
si,2050,q3,b3w,439.33669871300106
si,2050,q3,b4,2260.1896861053447
si,2050,q3,b5,1069.5276769265379
si,2050,q3,b6,369.975495344823
si,2050,q4,b1l,3.9469530289006385
si,2050,q4,b1w,11.646691131173855
si,2050,q4,b2l,45.49343092386421
si,2050,q4,b2w,132.59051372566768
si,2050,q4,b3l,143.70098941181976
si,2050,q4,b3w,417.6662422888545
si,2050,q4,b4,2179.0767781220384
si,2050,q4,b5,1049.5266980117688
si,2050,q4,b6,361.8126561858498
