* PMB, 23/12/2009 - changed Brian K's RFT1101 to RFN1101 because previously we had RFN but no RFT.
* PMB, 06/09/2011 - deleted 2010 and 2011.
* PMB, 07/09/2011 - deleted low and high growth trajectoires and the first column (scenarios).
CalendarYear,ABY0111,ADD0111,ADD0661,ALB0331,ALB1101,APS0111,ASB0331,ASB0661,ASY0111,ATU1101,BAL0331,BDE0111,BLN0331,BOB0331,BOB1101,BPE0331,BPE0551,BPT1101,BRB0331,BRK0331,BRY0111,BRY0661,CBG0111,CLH0111,CML0331,COL0111,CPK0111,CPK0331,CST0331,CUL0331,CYD0331,DAR0111,DOB0331,DVK0111,EDG0331,EDN0331,FHL0331,FKN0331,GFD0331,GIS0501,GLN0331,GLN0332,GOR0331,GYM0661,GYT0331,HAM0111,HAM0331,HAM0551,HAY0111,HAY0331,HEN0331,HEP0331,HIN0331,HKK0661,HOR0331,HOR0661,HTI0331,HUI0331,HWA0331,HWB0331,HWB0332,INV0331,ISL0331,ISL0661,KAI0111,KAW0111,KAW0112,KAW0113,KEN0331,KIK0111,KIN0111,KIN0112,KIN0331,KKA0331,KOE0331,KPA1101,KPU0661,KTA0331,KUM0661,KWA0111,LFD1101,LFD1102,LTN0331,MAT1101,MCH0111,MER0331,MGM0331,MHO0331,MLG0111,MLG0331,MLN0661,MNG0331,MNG1101,MNI0111,MOT0111,MPE0331,MPI0661,MRA0111,MST0331,MTM0111,MTM0331,MTN0331,MTO0331,MTR0331,NMA0331,NPK0331,NSY0331,OAM0331,OKI0111,OKN0111,ONG0331,OPK0331,ORO1101,ORO1102,OTA0221,OTI0111,OWH0111,PAK0331,PAL0331,PAP0111,PAP0661,PEN0221,PEN0331,PEN1101,PNI0331,PRM0331,RDF0331,RFN1101,ROS0221,ROS1101,ROT0111,ROT0331,SBK0331,SDN0331,SFD0331,SPN0331,SPN0661,STK0331,STU0111,SVL0331,SWN2201,TAK0331,TGA0111,TGA0331,TIM0111,TKA0331,TKH0111,TKR0331,TKU0331,TMI0331,TMK0331,TMN0551,TMU0111,TNG0111,TNG0551,TRK0111,TUI0111,TWH0331,TWI2201,TWZ0331,UHT0331,WAI0111,WDV0111,WEL0331,WGN0331,WHI0111,WHU0331,WIL0331,WIR0331,WKM0331,WKO0331,WPR0331,WPR0661,WPT0111,WPW0331,WRA0111,WRK0331,WTK0331,WTU0331,WVY0111
2012,14.07481992,300.683615,635.9131618,645.2848445,719.8625096,1.145969728,297.7963542,199.3038663,74.80558953,124.2090125,157.1528078,33.9046589,398.2090122,127.9010844,259.726354,373.3827077,10.39906611,63.96376898,350.0814471,146.4918183,274.4076133,561.4227438,201.911341,1.908675847,109.5986974,1.113026058,85.04151236,655.8706425,265.9231229,57.14512762,12.60619286,65.2107918,28.22390915,93.72656874,345.0299495,105.7672218,304.902204,216.6434628,272.4327182,296.9676577,105.4349541,357.0296308,160.9731383,54.45275183,47.20303839,158.4829324,654.2865904,10.08442978,74.58459178,54.84179389,485.300195,689.0679774,211.9398691,66.47912674,94.1650398,90.93019084,145.0849809,85.56477796,236.6410294,322.4718353,220.4087212,452.5968772,452.0916289,367.7866676,109.9530112,142.7947913,348.1933718,467.8717683,309.0851902,14.08022367,307.6181173,72.51769809,85.2316724,37.21539055,163.53261,0.000784951,235.9792723,141.6562901,2.128813759,176.6474599,22.53475892,22.17578673,144.8655997,0.048151504,11.02617881,41.60498509,70.99725353,185.977042,125.782334,199.3229842,13.81358664,568.8677492,221.634066,0.121780619,98.86890531,244.9285298,36.52406418,92.31501071,225.0485916,103.1553215,240.7897361,98.83454938,92.25287635,44.05645143,166.7988561,21.0883259,161.1380989,213.7851375,18.78016964,32.68243238,18.42904146,47.37509365,20.44695689,21.55518624,247.7634681,1.179049523,85.14407808,690.5263833,40.56038189,334.5338672,182.3801612,328.2194753,1508.58824,1000.843447,78.51583926,274.7056097,338.0805763,47.37135777,491.5899902,459.7746723,177.298397,254.2659397,214.1509923,344.9099455,132.6153925,270.6330966,0.002525827,686.1686756,84.03939613,250.0297257,2.613515368,544.8731456,149.2500294,316.4234929,367.6348115,15.68930039,7.494459949,407.644173,42.71694773,163.5633234,272.1096553,7.598050467,173.0320447,161.1672042,6.349585249,48.65853872,1.662966316,214.5317996,5486.969359,18.29554891,136.3337108,53.29813332,17.64015263,156.4181621,157.5944735,267.7966136,341.5860932,413.8472574,399.3330938,6.763253505,187.6061219,57.66279302,11.43992244,54.90419876,132.1522981,52.99059582,64.34040711,27.1643287,523.7724786,22.25627759
2013,14.59621807,310.1535141,655.9409691,666.6942043,743.7462187,1.185916782,307.0026154,205.4652697,77.4256863,124.2670909,161.6837068,35.1869397,411.0117718,131.9631177,267.9750495,387.4045637,10.78958823,64.70847927,359.4282801,151.2761276,283.0499612,579.104508,206.6981295,1.975209869,113.8063739,1.148080327,87.35620877,673.7224114,270.9185173,59.14665939,13.09016559,67.2083637,29.12575847,96.91983927,351.4865752,108.9443212,310.466428,224.9607659,279.2066661,302.0493604,109.3189107,370.1816979,165.8085462,56.19270134,48.34198424,162.3809131,670.3791527,10.33246224,76.43911258,56.20541666,501.4015595,711.9299807,216.2380133,68.60335959,97.1307266,93.79399749,147.8824649,87.04695079,239.7677003,332.7072085,227.4045741,465.9516451,466.3300574,379.3699481,113.5246406,145.4669435,357.5449132,480.4375509,318.5532533,14.54114967,315.9426808,74.48012535,86.9601722,38.51887503,168.2662113,0.000798548,240.7649361,145.7566613,2.196836555,181.4555264,22.99176423,22.62551207,150.0892971,0.049052574,11.3801972,42.50879628,73.66345431,192.8806978,128.9098694,204.2790832,14.24863952,587.1596237,228.7606829,0.12425187,102.1054483,252.4313117,37.71970505,94.0491581,230.4787115,105.5360977,246.3470497,102.0624092,95.07881586,45.49530102,171.8092604,21.74585279,165.7838985,219.889404,19.31742506,33.7014596,19.00365276,48.24419507,21.09284066,22.23607704,255.7302729,1.222813498,86.80598964,712.7301767,41.72978509,345.0698653,188.1241447,338.7733333,1557.096715,1033.025449,80.46810921,281.7900482,344.2502794,48.88503281,507.3970076,474.558672,180.7590517,259.2289096,221.6517196,355.8575125,134.9125869,279.1565678,0.002605377,706.114532,87.14630446,258.3252504,2.697552642,562.1778687,152.6946498,323.726398,380.8883496,16.27050657,7.634705522,417.7801083,44.04884776,167.3382879,282.1898888,7.752235018,176.7800347,168.1577049,6.624993514,49.60829577,1.69977122,219.808335,5531.094852,18.81930933,139.7236027,54.2955137,18.24115382,161.6078279,162.7413869,273.7235097,348.5134652,425.1115298,412.1736017,6.893660479,191.4107774,59.68245623,11.84061046,56.6385268,136.6542791,53.69063337,65.73508464,27.93995934,533.330912,22.77255052
2014,15.06405981,318.8093159,674.2470491,686.5487893,765.8954625,1.223879017,314.9146721,210.7605108,79.79640394,124.3208892,165.6640299,36.23844305,421.9241238,135.8940792,275.9575798,398.6568903,11.1029763,65.33729458,367.8762492,154.8470254,290.9493538,595.2662267,211.1821592,2.038438068,117.461893,1.180121092,89.4962181,690.2269308,275.4218967,60.95768666,13.51062842,69.04472007,29.97225217,99.1530411,357.4261069,111.5521378,315.2395511,232.1866211,285.4888273,306.2594016,112.9787294,382.5747769,169.7775303,57.82585257,49.33650685,166.0433145,685.4991415,10.56550456,78.15899568,57.47004079,516.3336224,733.1317163,220.208042,70.5972068,99.84146268,96.41161172,150.4532536,88.41554279,242.2723452,341.2304036,233.2301573,476.2893409,479.344453,389.9574505,116.8147965,147.92509,365.6822764,491.371827,327.2571893,14.95071055,323.8021472,76.33291092,88.55672026,39.69829469,172.5891892,0.000811104,245.1852676,149.5013396,2.260684105,185.9007344,23.41388226,23.04090588,153.983807,0.04988148,11.72021459,43.46964019,75.80303996,198.6476968,131.8103467,208.8753708,14.64629227,604.8736143,235.662153,0.12655221,104.9813143,259.328576,38.78210492,95.61250284,235.2202688,107.7896959,251.607499,104.4716091,97.67668583,46.56922505,175.9218845,22.25894171,169.8651599,224.8302349,19.73971742,34.4966386,19.45204004,48.94061821,21.69077465,22.86641918,263.4453872,1.263351878,88.34191222,734.2324992,42.75708727,354.7001169,193.3743361,348.9937698,1604.072691,1064.190744,82.2786449,288.3870552,349.5427968,50.3057983,522.7046436,488.8756098,183.9573553,263.8156385,228.4385324,364.9737652,137.0337444,286.9473031,0.002678088,723.4580943,89.76992486,266.0183436,2.778934979,578.9242109,155.955263,330.6391915,392.7269164,16.79201303,7.763719198,427.1801775,45.08817126,170.9115987,291.2347118,7.895756223,180.5173615,173.2976365,6.827493979,50.48605204,1.732946366,224.7659765,5562.480568,19.27852904,142.8673893,55.21301652,18.66146176,166.4206137,166.582924,279.065886,354.9120093,435.5257024,424.6084473,7.013499869,194.9249897,61.50988921,12.20316125,58.24410003,140.0697945,54.28799942,67.1245973,28.56775954,541.5303624,23.08623879
2015,15.46648619,326.6082726,690.7409946,705.2863375,786.79857,1.261299139,322.4804816,215.8240217,82.02591337,124.370488,168.9174972,37.08337288,431.3954491,139.8519425,283.9947392,407.8888581,11.36009545,65.87320839,375.630533,157.6897436,298.0667788,609.8280831,215.3139955,2.100763347,120.5263291,1.208990114,91.56896044,706.2126631,279.3624111,62.66084282,13.86310407,70.71909984,30.7702468,101.1110271,363.0212685,113.591145,319.5130289,238.2440841,291.394307,310.1813999,116.5633496,394.7132146,172.8808112,59.36543389,50.27286749,169.7177605,700.6688553,10.79931329,79.77575372,58.65883742,530.4255942,753.1406233,224.0903768,72.47681836,102.2838607,98.7701061,153.0132032,89.55407523,244.4879176,348.272002,238.0430728,485.0769136,491.0705427,399.4968871,119.6995764,150.2407149,373.3150086,501.6280244,335.1933909,15.29475873,331.2535822,78.08950745,90.11800216,40.807464,176.597706,0.000821548,249.5079584,152.9736233,2.320873568,190.206216,23.82667612,23.44712406,157.3262763,0.050662327,12.05035749,44.42716562,77.55846234,203.5996473,134.5369098,213.1960627,15.00458105,622.7538984,242.628412,0.128522184,107.3971613,265.6174641,39.67456501,96.98044944,239.684529,109.9925987,256.7496126,106.3895235,100.0454096,47.42415386,179.137475,22.63525356,173.201133,228.7657567,20.15896252,35.07984216,19.78089814,49.55672631,22.25300473,23.45912225,271.2329287,1.300728184,89.8442888,755.9366791,43.59679149,363.3770617,198.1048066,359.3101526,1651.489664,1095.648609,83.98061995,294.6685303,354.2812991,51.64516234,538.1559831,503.3269508,187.0858049,268.3021888,234.821099,372.5053294,138.7983364,293.9668268,0.002743601,737.5276586,92.00615756,273.2786164,2.861081308,595.7851581,159.1425276,337.3964793,403.2347521,17.24060054,7.885252748,436.0166138,45.85043631,174.4045266,299.0148542,8.018665432,184.003048,177.3907629,6.988752933,51.34463728,1.759668226,229.7399223,5581.235928,19.65050842,145.822673,56.07732314,19.0299717,170.9626278,169.6410926,283.3690541,361.1692159,445.612526,437.1600275,7.132833988,198.3615765,63.22847389,12.54411726,59.75380107,142.8342125,54.77312509,68.3272716,29.06782147,548.8715033,23.38211912
2016,15.81382122,333.769787,705.8868192,723.3340711,806.9321388,1.298378363,328.9235599,220.1361309,84.11086426,124.4190542,171.2656062,37.79460237,438.6912275,144.0543274,292.5284441,415.8155314,11.58086089,66.34097134,383.0120473,160.0085309,304.6024661,623.1997365,219.9517019,2.162520841,123.2974432,1.235499548,93.61980119,722.0294825,282.9210726,64.25356852,14.18184143,72.32673824,31.51445501,102.5422985,369.039933,115.3021535,323.4350355,243.7217382,297.2468967,313.604616,120.3754442,407.6219389,175.4848921,60.80124439,51.20799403,173.511671,716.3317704,11.04072366,81.37803197,59.83698711,543.9987762,772.4129112,228.1112112,74.22974039,104.526631,100.9358306,155.5106245,90.65629365,246.4539175,354.0915044,242.0206887,492.1351074,501.8382086,408.2566246,122.3650001,152.7316116,381.204323,512.2289944,342.8132527,15.57737163,338.9082465,79.89401312,91.73498176,41.84471619,180.4368055,0.00083166,253.9848584,156.2991533,2.377006143,194.4662039,24.25419613,23.8678338,160.1594475,0.051502276,12.3747059,45.43254976,79.06568808,207.9378009,137.2390537,217.4780581,15.33358534,641.7068867,250.0126025,0.130307931,109.3816204,271.6556749,40.40766216,98.21583607,244.1429053,112.2651193,262.054231,107.9539543,102.3197151,48.12151392,181.8357993,22.96784141,175.6087885,231.8802201,20.58879157,35.59528279,20.07154592,50.10355496,22.80116064,24.03698832,279.4876735,1.337326518,91.36506179,778.9429726,44.2028271,371.3448025,202.4486355,370.2454532,1701.751355,1128.993748,85.667352,300.9606608,358.6300846,52.8942506,554.5343053,518.6452809,190.252562,272.8436764,240.7898281,378.7297621,140.506646,300.4126148,0.00280376,748.5735225,93.95824862,280.2716055,2.948155898,613.6877951,162.4305185,344.3673158,411.9114375,17.62777733,8.015985285,444.7739104,46.52413311,178.0078405,305.7299111,8.130080551,187.8669709,180.9060119,7.127244965,52.21373579,1.78497013,234.8755821,5587.671565,19.94222565,148.7514889,57.00704992,19.29934939,175.3374296,172.1356215,287.4435588,367.6496442,455.5927674,450.4646233,7.249253296,201.9207613,64.83562774,12.86296611,61.22571012,144.8967498,55.19151459,69.6675412,29.46355669,555.6088739,23.64894319
2017,16.04185074,339.4756521,717.9541037,739.2000902,824.6318452,1.33068734,333.950249,223.5003043,85.78057599,124.4575885,172.8091907,38.20182218,442.9649692,148.271559,301.0922979,420.9931279,11.72506192,66.63635912,389.1666238,161.2424354,309.8097096,633.8534678,224.0051895,2.216333226,125.1867401,1.256620674,95.49389172,736.4831408,285.4536174,65.52908671,14.39915096,73.74983712,32.1478153,103.473955,374.4187143,116.1863665,326.4985611,247.4563066,302.4240257,316.1281685,124.0233716,419.974751,176.830626,62.02319456,52.02399166,177.1116933,731.1942309,11.26979673,82.79538762,60.87916384,555.9311534,789.3554533,231.8787271,75.72156912,106.3135359,102.66135,157.9835639,91.33767736,247.9850968,357.632202,244.4407469,495.3984201,510.4172389,415.2358579,124.5117398,154.9576848,388.1595012,521.5747539,349.5584366,15.7532964,345.6797889,81.49033217,93.25008924,42.67538907,183.7103543,0.00083791,258.179707,159.1347882,2.424777913,198.3590478,24.65478174,24.2620382,161.9247414,0.052252925,12.65311593,46.40845099,80.0501877,210.9776617,139.629337,221.2658586,15.59571622,660.4948335,257.332492,0.13145672,110.6169339,277.0007644,40.86401057,99.09500708,248.0333142,114.424809,267.0954747,108.7864403,104.332955,48.49260258,183.2302361,23.11191455,177.1915172,233.4779312,20.99701991,35.81856559,20.19745112,50.52956357,23.24356832,24.50337459,287.6705365,1.366371941,92.81794854,801.7489288,44.60121882,377.6930204,205.9095377,381.0855299,1751.575371,1162.04852,87.15941444,306.5819802,362.0269721,53.95729033,570.7700061,533.8302199,193.2779573,277.1824352,245.5698242,382.5168272,141.562711,305.548232,0.002851691,754.4123904,95.19149298,286.4192416,3.034472248,631.6536806,165.5552604,350.9920498,417.8005462,17.88196344,8.132818796,452.5205074,46.81597063,181.4322497,310.1384246,8.201754956,191.2807468,182.8769299,7.204894211,53.04403835,1.801601151,239.7487836,5576.776339,20.1052825,151.3422835,57.83793142,19.47469522,179.1833801,173.463044,290.1217437,373.7217959,464.7128689,463.6533634,7.364531363,205.2557121,66.12270058,13.11831298,62.41366389,146.2123607,55.41342711,70.93474029,29.66656776,560.8715134,23.85357035
2018,16.22726243,344.9602422,729.5534156,755.7691314,843.1158243,1.363002177,338.7479498,226.7112245,87.39900676,124.4949625,173.9050095,38.56254595,445.7227595,152.9350298,310.5623213,426.0291752,11.86532066,66.9330806,395.2153324,162.3877232,314.8150149,644.0940445,228.9256332,2.270155372,126.9925541,1.276922717,97.48225803,751.8181348,288.099972,66.76543058,14.60685817,75.20571413,32.73206872,104.2255751,380.7530265,116.9771532,329.8325762,251.0258544,308.0327001,318.9051828,128.0581171,433.6374276,178.0341691,63.15040222,52.91212292,181.1455286,747.8476606,11.52647376,84.33088853,62.00821239,568.3922533,807.0487183,236.1425128,77.09773063,108.0311441,104.3199532,160.7913213,92.0525501,249.3509815,360.8995102,246.6739442,498.8490248,518.6635721,421.9444347,126.6756558,157.5792161,396.0191902,532.1359158,356.458982,15.88189928,353.0904885,83.23732577,94.96477174,43.48054993,187.1601779,0.000844469,262.927115,162.123117,2.468845753,202.4892643,25.10813383,24.70816852,163.5634585,0.053136926,12.92248529,47.53585068,81.0077723,214.0907277,142.218865,225.3693955,15.8476816,681.5167965,265.5227667,0.132611426,111.5199612,282.4689669,41.19760612,100.0136871,252.2676325,116.8866693,272.8420584,109.5591388,106.3925656,48.83704034,184.4773362,23.2587135,178.3151254,234.6330064,21.44258211,36.04607283,20.3257384,50.9098034,23.66801592,24.95082734,296.8263983,1.394549738,94.47246493,827.2666701,44.88404439,383.7950527,209.2362252,393.2145664,1807.323805,1199.033731,88.77584942,312.6510812,365.7237829,54.93790849,588.9362435,550.8207527,196.7232128,282.1233209,250.2030148,386.01148,142.6706801,310.4846885,0.002897763,757.4484618,96.43037988,292.839279,3.131052206,651.5205958,169.117197,358.543676,422.2430885,18.08864315,8.270407575,460.9128306,47.11332961,185.3357812,313.7230042,8.273798586,195.1138033,184.790979,7.280302964,53.98956917,1.818662769,245.2092199,5557.86915,20.17569472,154.1490366,58.81641754,19.61615663,183.1997443,174.6951334,292.8692699,380.5937917,474.3890837,478.4103355,7.495417241,209.0299538,67.37024423,13.36581751,63.55339119,147.3166711,55.70767771,72.35718198,29.81333588,566.59881,24.05790703
2019,16.33888614,349.647485,739.4664247,771.5198946,860.6869544,1.389916314,342.7925551,229.4181263,88.89576544,124.528037,174.8651483,38.83430433,447.1967768,157.6849335,320.2078625,430.342772,11.98545846,67.14517808,401.2600524,163.2699264,319.0926511,652.8458508,233.473522,2.314982352,128.4769992,1.294273258,99.38566873,766.4979208,290.3740881,67.90882731,14.77760109,76.53668363,33.26066651,104.9345127,387.1961207,117.4666875,332.8719614,253.9601533,313.2992266,321.7784361,132.1103663,447.3593764,178.7792192,64.17023274,53.74983059,185.1540241,764.3964766,11.7815384,85.77271877,63.06838521,580.2379499,823.8681844,240.3933668,78.3427998,109.4990472,105.7374295,163.4271957,92.68974528,250.5623319,363.2428065,248.2755816,500.420993,525.7110571,427.6777216,128.4648072,160.245768,404.0582001,542.9380335,362.7674924,15.95826194,360.5937265,85.00613429,96.67425375,44.22517957,190.2604086,0.000850314,267.6601246,164.8086192,2.508715717,206.4430117,25.56011094,25.15294577,164.9897118,0.054036108,13.15985268,48.69016679,81.82798576,216.7005196,144.6504231,229.222603,16.06301636,702.6831338,273.7692904,0.133711162,112.0561665,287.4680229,41.39569064,100.8031448,256.2615477,119.39137,278.6886422,110.1543403,108.2754712,49.10235716,185.2493501,23.35160847,179.2996126,235.4326555,21.88460588,36.19004033,20.40691911,51.24708694,24.03404874,25.33669921,306.0451405,1.419491079,96.15547425,852.9596618,45.13185157,389.0099743,212.0792804,405.4269024,1863.455107,1236.272949,90.29367648,318.4407978,369.0939031,55.82511354,607.2272428,567.9279728,200.2278001,287.1492952,254.4878866,388.5178267,143.658258,314.7034853,0.002937137,758.5202987,97.31637903,298.9422567,3.228295454,671.755725,172.7411173,366.2267131,424.6973553,18.21307088,8.410359226,468.7931941,47.30149957,189.3072407,315.8810346,8.34241252,199.2113562,186.3190141,7.34050373,54.95138326,1.83555151,250.6353548,5531.403694,20.1981325,156.7845685,59.81170764,19.74958483,187.0177565,175.644199,295.5889566,387.4449454,483.6518693,493.2686554,7.618290656,212.7927486,68.52399874,13.59471489,64.53626305,148.3179133,55.92744095,73.67981307,29.91494224,571.8199802,24.23646347
2020,16.43441319,354.0796077,748.8398824,787.280906,878.2695171,1.414631686,346.6227091,231.9815039,90.27049668,124.5592181,175.4237629,39.10250557,448.4137813,162.447309,329.8787298,434.5219553,12.10185272,67.36882051,407.2995372,163.9867022,323.1374615,661.1213083,238.4020766,2.356147169,129.8954713,1.310679433,101.2256971,780.6888794,292.7105905,68.95900541,14.9407557,77.90759654,33.70820539,105.4114501,393.9035962,117.8968007,335.8881589,256.7640435,318.4468387,324.3572652,136.2687637,461.44077,179.433833,65.03367527,54.50441501,189.1353269,780.8330288,12.03487274,87.1819935,64.10462007,592.0913538,840.698594,244.5527171,79.3969413,110.8870543,107.0777545,166.0521586,93.30408347,251.7281643,365.4022569,249.7515607,501.7387488,532.3749571,433.0989535,130.1745688,163.0217374,412.5269574,554.3176082,369.2653261,16.01593603,368.2511911,86.81130008,98.34693755,44.90910119,193.4949692,0.00085595,272.2912517,167.6104814,2.54247174,210.265102,26.00235882,25.58814876,166.3640905,0.054972186,13.36951476,49.83638502,82.62264103,219.1330717,147.0270784,232.9888078,16.26663075,724.1336531,282.126533,0.134813912,112.4611441,292.6171045,41.54529711,101.6142598,259.8591585,121.965047,284.6962333,110.6379319,110.2148843,49.31792276,185.9276548,23.40369027,179.8723933,235.8616087,22.32933317,36.27075608,20.45243328,51.57170398,24.35965536,25.67995378,315.3876547,1.443008036,97.90506009,878.9976109,45.27602731,393.9410549,214.767592,417.8032029,1920.340035,1274.012145,91.77723207,323.9399097,372.4383126,56.57626832,625.7638193,585.2648766,203.8710219,292.3740871,258.4234222,390.827535,144.6104103,318.6926587,0.002974368,758.2284671,98.25045429,305.0492053,3.326844303,692.0439855,176.4648356,374.121331,426.802278,18.31955555,8.556053555,476.4956245,47.40699755,193.388069,317.7278669,8.411214518,203.0414458,187.8700377,7.401610186,55.95124482,1.853517144,256.0246798,5504.349848,20.15973882,159.3605918,60.84783777,19.83934858,190.838253,176.4152994,298.4820615,394.1486215,492.6062102,508.3264649,7.740655421,216.4745457,69.58369018,13.80495076,65.41058243,149.0343165,56.15110036,75.09932827,29.96944662,577.0013179,24.38910931
2021,16.52817688,358.6636618,758.5346585,803.5563585,896.4259764,1.438207613,350.5969173,234.6412915,91.68621728,124.5885401,176.4162414,39.39358039,449.649217,167.2504529,339.6323849,438.7737618,12.2202696,67.59229092,413.1354254,164.8138581,327.3209264,669.6804452,242.905058,2.395414176,131.4089875,1.327648005,103.0744813,794.9473664,295.019634,70.04049591,15.11484241,79.33286144,34.12332948,106.1593386,400.5820466,118.4071766,339.1407223,259.755807,323.5158979,326.7692663,140.4210332,475.501413,180.210603,65.83457953,55.30538575,193.1221094,797.2922038,12.28855575,88.56976261,65.12504192,604.3316541,858.0783499,248.6509766,80.37473239,112.3226418,108.4640253,168.7956586,93.95040646,252.9569201,367.6944591,251.3182754,503.3949492,539.267293,438.7060232,131.940897,165.7856943,421.1997803,565.9713882,376.0207765,16.08981436,375.8249035,88.5967222,99.99505366,45.6134148,196.7244658,0.000861879,276.8543587,170.4079572,2.573782848,214.1053799,26.43811114,26.01695968,167.6950782,0.055904214,13.56754642,50.97395544,83.43110531,221.8599914,149.3674658,236.69754,16.47722496,745.538224,290.4658739,0.135954026,112.979905,297.9703294,41.7369373,102.4158425,263.677924,124.6251339,290.9055264,111.1959944,112.2311883,49.56668448,186.7325365,23.50426761,180.8900404,236.7015462,22.77029425,36.42662961,20.54032759,51.91375963,24.66186469,25.99854292,324.7101567,1.465128334,99.70222923,904.9797851,45.53218122,399.041171,217.5480578,430.1529925,1977.103112,1311.670502,93.23814851,329.5430861,376.0448083,57.27301773,644.2606893,602.5646437,207.6133281,297.7409771,262.4763007,393.2792324,145.6121353,322.8185794,0.003012875,759.6605951,99.18381684,311.3554853,3.425182054,712.5059243,180.313576,382.2810069,429.1950775,18.4240746,8.701117422,484.0805154,47.61072907,197.6059091,319.5406081,8.482347729,206.8302842,189.5306908,7.46703577,56.9782995,1.872190088,261.4214226,5480.50054,20.15548441,161.897305,61.87948426,19.98010768,194.7834508,177.3051458,301.4890685,400.7538367,501.6031607,523.3520197,7.868545888,220.102266,70.67497767,14.02145509,66.22207539,149.8518489,56.40016597,76.50357565,30.07617218,582.5886937,24.55180938
2022,16.64220397,363.5030679,768.7694763,820.2800652,915.0824962,1.461181906,354.8109001,237.4615512,93.17198501,124.6148817,177.2539395,39.69960636,451.692393,171.8584712,348.9898021,443.3783568,12.34851199,67.83531588,419.5851922,165.7578888,331.7374287,678.7163637,247.2243537,2.433679129,133.0580175,1.345561801,104.8684928,808.7834261,297.4604995,71.17549648,15.30451611,80.75062528,34.53809244,106.7846097,407.3303431,118.944792,342.4065728,263.0154404,328.4247348,329.6308856,144.3980435,488.9685835,181.0288303,66.63478706,56.02413328,196.9418055,813.0615736,12.53160689,89.91366728,66.1132104,616.9090735,875.9367745,252.5409659,81.35167288,113.8381979,109.9275175,171.2278742,94.5931367,254.1768456,370.4527936,253.2035904,505.4972478,546.5435624,444.6254313,133.8024525,168.578558,429.5819845,577.2346604,382.7406736,16.19280092,382.913032,90.26767306,101.5594138,46.35257649,200.0305059,0.000867775,281.1855722,173.2717369,2.605066718,217.8318842,26.85171888,26.42397876,169.3181181,0.056845989,13.75625289,52.05176475,84.30665095,224.6320199,151.6338785,240.2890471,16.6995502,766.2900806,298.5509137,0.137038214,113.7030589,303.2953807,42.00408416,103.2631871,267.1046763,127.2383074,297.0053123,111.8329095,114.2368808,49.85059551,187.5803761,23.62112756,181.748982,237.4958596,23.19256389,36.60773775,20.64245124,52.2533311,24.92823684,26.2793525,333.7483769,1.485006816,101.4671937,930.1696548,45.74838706,404.425386,220.4834079,442.1261858,2032.135248,1348.180499,94.65288847,334.8765249,379.6660371,57.969161,662.1935128,619.3368691,211.2885733,303.0116941,266.7297079,396.2294963,146.608292,327.174332,0.003053528,761.4926092,100.1986629,317.8354512,3.520521078,732.1366057,184.0944399,390.2967786,432.1107746,18.55118138,8.847698431,491.425664,47.847443,201.7493634,321.7451031,8.549991595,210.4600102,191.2312027,7.534031689,57.9869497,1.890252605,266.5919875,5461.47589,20.15639996,164.3538379,62.92192017,20.09778912,198.8373062,178.3207248,304.397775,407.0233802,510.3335642,537.9193829,7.981925583,223.5456285,71.82025996,14.24867164,66.93733827,150.7775376,56.66439602,77.74636239,30.17710058,588.1988945,24.7228602
2023,16.79610356,368.5588882,779.4619868,837.3110981,934.0818609,1.483819862,359.2695165,240.445535,94.72532259,124.6411818,178.5582598,40.04439372,454.5595988,176.3495875,358.1098284,448.2299622,12.48363384,68.12110754,425.7196604,166.786052,336.3514333,688.1563611,251.768936,2.471383895,134.8268728,1.364276688,106.6256605,822.3353338,299.8331604,72.36211469,15.50797228,82.243277,34.91050792,107.4641438,413.7462731,119.6618776,345.7756937,266.5119321,333.2065608,332.5298535,148.3007399,502.1841086,182.1202036,67.35329306,56.71918431,200.667244,828.4418068,12.76866032,91.22279983,67.07581107,629.7176241,894.1233777,256.1614945,82.22886732,115.4215283,111.4564558,173.5315397,95.25559063,255.3144028,373.4079648,255.2234428,508.0220563,554.1452206,450.8095505,135.7587364,171.2338677,437.9135159,588.4298428,389.8155231,16.32536394,389.7943098,91.8898611,103.0154103,47.12535384,203.4171103,0.000873853,285.2167614,176.2053036,2.633156491,221.4818571,27.2366759,26.80280353,170.8703148,0.05774138,13.94244853,53.08854782,85.22916463,227.6646347,153.8416502,243.7876277,16.93181763,786.5246437,306.4344129,0.138161458,114.6338936,308.9017073,42.34795231,104.0868546,270.4184514,129.8240313,303.041024,112.5265867,116.3485162,50.15980884,188.7112468,23.71615977,183.0863789,238.4870791,23.60042052,36.75501752,20.72549968,52.57004378,25.19931579,26.56512398,342.5612961,1.504853904,103.2049811,954.7316021,46.08502583,410.0503787,223.5500244,453.8009163,2085.795565,1383.780389,96.03102354,340.2675242,383.4017737,58.59422775,679.6793146,635.6910034,214.9072269,308.2012524,271.1765519,399.390293,147.6350181,331.7248704,0.003095998,764.713278,101.3917821,324.4344974,3.613483532,751.2692711,187.8355883,398.22835,435.7281611,18.72273434,8.987060044,498.5807646,48.0399422,205.8492934,324.7204566,8.62007225,213.9437631,193.0577939,7.605994819,58.98006864,1.908774333,271.6349598,5447.387273,20.1873193,166.7468107,63.9130141,20.22568332,202.965658,179.4268128,307.3804306,412.8586307,518.8846709,552.123617,8.08931281,226.7504684,73.01762749,14.48622155,67.66523985,151.7803463,56.89844734,78.93324859,30.30304857,593.9864972,24.89868346
2024,16.96398023,373.8456062,790.6428206,854.7069691,953.4882292,1.506534214,363.9489419,243.5772979,96.34038737,124.6661059,179.6682146,40.42086589,457.9614764,180.8264096,367.2008277,453.2766027,12.62418762,68.41015565,432.4969283,167.8780707,341.176158,698.0274799,255.7562003,2.509215902,136.6976278,1.383846278,108.3613098,835.7212841,302.1584421,73.59588723,15.72314909,83.7282591,35.26215825,108.1849093,420.2017768,120.3810684,348.9449849,270.2098487,337.8497736,335.0671356,152.1780105,515.313535,183.2147809,68.03173657,57.39927209,204.234024,843.1670285,12.99561815,92.49398389,68.01050834,642.8005589,912.6995736,259.602853,83.05715113,117.0771689,113.0552202,175.7111414,95.80783714,256.5381928,376.6268666,257.4235544,510.8912005,562.0940439,457.2760964,137.9015121,173.9055555,446.1039697,599.4354576,396.8540203,16.47739402,396.4492788,93.45869923,104.3993536,47.92884014,206.8845068,0.000878919,289.0484581,179.2088545,2.659680034,225.0871323,27.60258244,27.16288129,172.6585624,0.058642293,14.12245401,54.06827983,86.18876348,230.7017863,155.985424,247.1847932,17.17469264,806.4563339,314.1999112,0.139256141,115.7014226,314.479227,42.74231794,104.8940743,273.6608867,132.3630691,308.9677587,113.2633458,118.4493014,50.48822627,189.8454376,23.85350386,184.2244815,239.8952147,23.99392916,36.96787174,20.84552438,52.91063765,25.44687558,26.82610156,351.2423027,1.523665829,104.900257,978.9259037,46.37149982,415.9322629,226.7566922,465.3008983,2138.652689,1418.847418,97.3692099,345.4038972,386.9159358,59.18444201,696.9033871,651.8003475,218.4373573,313.2638584,275.8001065,402.8331712,148.4909355,336.4832303,0.003140408,768.8169795,102.5984621,331.174908,3.705054514,770.3410415,191.509189,406.0167139,439.6391697,18.90986764,9.127281244,505.5284566,48.31814923,209.8751977,327.9660301,8.688370931,217.286325,194.9852967,7.681933617,59.94889289,1.927150353,276.4631625,5437.524561,20.26826165,169.0704172,64.91022114,20.36133764,207.1824472,180.6015959,310.3396222,418.4051106,527.3310603,566.1152407,8.1909167,229.7967094,74.26257651,14.73321133,68.32998777,152.8419161,57.12472106,80.17022691,30.48197149,599.4308248,25.07720326
2025,17.15764784,379.5190063,802.6414452,872.7589975,973.6265892,1.530204673,368.4382848,246.5818457,98.06025963,124.6913125,180.948933,40.8237639,462.1270798,185.2564199,376.1967673,458.6964771,12.77513631,68.72435885,439.102577,169.0908175,346.3537736,708.6205941,259.7437469,2.548640358,138.6014308,1.404847229,110.1363628,849.4111294,304.5847215,74.90972381,15.94212713,85.27884128,35.6249884,108.9842492,426.467211,121.2138883,352.4065504,273.9730911,342.5974434,338.0989941,156.0360416,528.3778119,184.4822969,68.73174946,58.09458602,207.7756483,857.7883965,13.2209753,93.79376541,68.96623322,656.3769709,931.9764476,263.0273864,83.91176808,118.8539067,114.7709218,177.8750914,96.4823988,257.6959306,380.220383,259.8797142,514.2376543,570.6242616,464.2156196,140.0888282,176.4985807,454.2634229,610.3994164,404.2034478,16.65734392,402.9995947,95.00286652,105.7765305,48.78446761,210.3671845,0.000885107,292.8614211,182.2256424,2.687046825,228.7742563,27.96670003,27.52119859,174.4185928,0.059516681,14.31015636,55.03125479,87.21933128,233.9484466,158.1774257,250.6583837,17.43533207,826.4015264,321.9706701,0.140363317,116.9649998,320.3031375,43.20910753,105.7363554,276.9759153,134.9263567,314.9510987,114.0815573,120.6428903,50.85295192,191.1588257,23.97343319,185.537678,241.2680776,24.3774274,37.15373676,20.95033036,53.23292627,25.70234617,27.09541871,359.9291901,1.54269143,106.5652976,1003.136595,46.70204706,422.244361,230.1979027,476.8086708,2191.545621,1453.938202,98.73750105,350.6564907,390.7541766,59.79342062,714.1391278,667.9206046,221.9045278,318.2361727,280.7237005,406.6767303,149.5364272,341.589627,0.003188066,775.1312793,103.9100425,338.1695612,3.796687529,789.2133886,195.2178756,413.8794632,444.617224,19.12575028,9.26337391,512.6324489,48.56108056,213.9395527,331.710222,8.757449063,220.6271441,196.9928682,7.761026918,60.90043814,1.945631062,281.257313,5430.861571,20.35673399,171.4462972,65.87806741,20.51178034,211.5582901,181.9062571,313.3156726,423.9244732,535.9692041,580.1163428,8.291790975,232.8280571,75.58831485,14.99622918,69.01597778,154.0153047,57.3718083,81.30114915,30.65641252,605.3772323,25.26799901
2026,17.36908459,385.3434278,814.9594636,891.1586577,994.1527579,1.554131112,373.659148,250.0759725,99.83281289,124.7170171,182.6321298,41.24755227,466.7523319,189.6830125,385.1857666,464.2585384,12.93004505,69.05376382,445.8485658,170.2271556,351.6692133,719.4956885,263.6887169,2.588491163,140.6966274,1.42640721,111.9152402,863.1304699,307.0377006,76.26380421,16.18311953,86.81794934,35.9939934,110.0168624,432.7019353,122.0986245,355.7704829,278.1146609,347.3444448,340.8056092,159.9088024,541.4919672,185.8288271,69.44367555,58.78798546,211.3245945,872.4399926,13.44679835,95.09336394,69.92182355,670.2148268,951.6245407,266.3985698,84.78092939,120.6779399,116.532294,180.000436,97.06877882,258.9886217,383.9906012,262.4566492,517.8018762,579.381547,471.3398674,142.3478327,179.0788963,462.4420452,621.3891329,411.4984905,16.84478191,409.51595,96.53902793,107.1322528,49.66630362,213.9212084,0.000890486,296.614983,185.3042324,2.714879358,232.4693243,28.32514512,27.87393375,176.2281393,0.060386784,14.49242241,55.98871012,88.27693537,237.2853566,160.3691188,254.1314852,17.70290951,846.3111742,329.7275806,0.141484253,118.2811571,326.0839518,43.69532118,106.5879052,280.2818162,137.4675778,320.8829298,114.8482176,122.8202468,51.19469812,192.5540877,24.09831851,187.2635596,242.7403122,24.7673877,37.34728252,21.05946736,53.59261856,25.95351066,27.36019637,368.6005964,1.562091629,108.2652165,1027.304141,47.13647205,428.7244822,233.7307156,488.295935,2244.344291,1488.96645,100.1055996,355.9147605,394.4841602,60.41276316,731.3441523,684.0121335,225.4443263,323.3126439,285.7981079,410.7092864,150.4452476,346.831952,0.003236993,781.2478647,105.2850038,345.298912,3.888157243,808.0711759,198.8946351,421.6745244,449.6479019,19.36144031,9.398799522,519.735441,48.81405083,217.9689188,335.7979462,8.827385699,223.9311845,199.0650271,7.842664804,61.87191577,1.96430623,286.0613749,5426.413108,20.46257714,173.8218427,66.8411698,20.7061271,216.0183996,183.1287186,316.3230375,429.3578509,544.6259591,594.0924932,8.39086563,235.8121801,76.95466157,15.26730346,69.69040504,154.979392,57.5837492,82.41674258,30.84348008,611.1559221,25.44396001
2027,17.58302907,391.1542396,827.2486989,909.4227052,1014.527641,1.577799269,378.8919089,253.578062,101.6196876,124.7407276,183.9845971,41.65232621,471.0442144,194.0009828,393.9541887,469.7244393,13.08227562,69.37975929,452.9770748,171.30104,356.9722325,730.3453715,267.8776341,2.627911785,142.6937364,1.447916812,113.628211,876.3415149,309.2626772,77.62882495,16.41282975,88.38547211,36.34070449,110.5980276,438.3435838,122.8942026,359.0877008,282.0623411,351.8964428,343.3934077,163.6328792,554.1026405,187.0396626,70.11258973,59.45576466,214.7518634,886.5892516,13.66487894,96.33957591,70.83815892,683.9506923,971.1278195,269.4892332,85.59757922,122.4977109,118.2895505,181.9905857,97.673355,260.0024429,387.7646797,265.0362228,520.7073002,588.1183695,478.4474682,144.6192126,181.4137604,470.070376,631.639416,418.9282128,17.03700055,415.5691192,97.96599818,108.3751639,50.55526445,217.432151,0.000896033,300.0562067,188.3455041,2.741030355,236.0274917,28.65376359,28.19731742,178.1612761,0.061174118,14.67113693,56.90852729,89.31625492,240.4712045,162.4707788,257.4619142,17.9698617,865.7192976,337.2890943,0.142437888,119.6308833,331.9714903,44.19393586,107.3603042,283.4655682,139.9337672,326.6396187,115.5727418,125.0378013,51.51766178,193.8087441,24.21336969,188.6503245,244.1903253,25.12711388,37.52558744,21.16001034,53.87492917,26.19695759,27.61683817,377.0535698,1.579989684,109.8365989,1050.862905,47.48553732,435.1894615,237.2552734,499.4938348,2295.812961,1523.112335,101.4174976,360.8618766,398.162346,60.99468734,748.1157819,699.6983164,228.7164692,328.0052666,290.9135142,414.7459713,151.3822699,352.0620275,0.003285805,786.5398374,106.6456945,352.3757166,3.977322834,826.4662198,202.4628354,429.23943,455.1437998,19.59992572,9.521342822,526.5466474,49.04710087,221.8793146,339.9341526,8.886884244,227.0903591,200.9549246,7.917122044,62.7699368,1.98101339,290.7007272,5423.49318,20.57248864,176.0998025,67.71265744,20.81550742,220.4456363,184.2839929,319.0134834,434.3391111,552.9619851,607.7165842,8.483638065,238.5479909,78.33204774,15.5405679,70.34410908,156.136473,57.76826289,83.47615458,31.0277241,616.8543639,25.6085006
2028,17.78298306,396.7036274,838.9850509,927.1031095,1034.251427,1.600289887,383.3084369,256.5338776,103.2651214,124.7647209,185.2233594,42.06569222,475.5460711,198.231775,402.5455797,474.5631087,13.2170372,69.68013429,459.3467574,172.2435785,362.036673,740.7069355,271.4533321,2.665371152,144.7152652,1.468458714,115.2396414,888.7694442,311.1706067,78.88579689,16.64534876,89.85522535,36.67254358,111.3011504,443.9769402,123.6964971,361.9873283,286.0582918,356.0754297,345.641059,167.3931375,566.8358335,188.2607201,70.75281117,60.07175672,217.9768206,899.9032802,13.87008624,97.48366769,71.67940568,697.2476165,990.0078545,272.3800127,86.37919927,124.2356118,119.9677493,183.67258,98.127422,260.9084024,391.1708157,267.3643085,523.9175711,596.462129,485.2353035,146.8975943,183.7451926,477.7294096,641.9309548,425.8945284,17.23004114,421.6241112,99.3933981,109.5376916,51.3738592,220.8096635,0.000900198,303.2748745,191.2711951,2.766059617,239.3747404,28.96112916,28.49978674,179.7869882,0.061960295,14.84591674,57.77087665,90.23630888,243.6067353,164.4002193,260.519433,18.22480393,884.7343119,344.6974505,0.143385007,120.986381,337.4918112,44.69468264,108.0226404,286.4024161,142.2982665,332.1589381,116.2086502,127.1170425,51.80112406,195.0739924,24.30989412,189.9205011,245.49416,25.47298605,37.67517983,21.24436282,54.12726021,26.42098669,27.8530097,385.3353293,1.598097337,111.3482796,1073.94449,47.80525591,441.3635863,240.6212641,510.4649226,2346.23914,1556.5666,102.6218928,365.6766857,401.3775006,61.55165017,764.5477042,715.0667776,231.8642931,332.5196019,295.6240083,418.3891117,152.0860206,357.0568058,0.003332422,792.4152953,107.8994973,359.226376,4.064682387,844.489875,205.8839055,436.4924066,460.2147544,19.82281584,9.643706007,532.799713,49.24262274,225.6284703,343.7998796,8.945976208,230.0779614,202.8660087,7.992413983,63.63383922,1.997662682,295.0662186,5421.588518,20.67446925,178.1910961,68.58286415,20.94784123,224.7313969,185.2979668,321.6946105,438.998216,560.8038736,621.0647209,8.562045589,241.1068673,79.60040632,15.79220198,70.94567236,156.9230569,57.89635379,84.47251562,31.19339414,621.835453,25.7519848
2029,18.01182361,402.6105937,851.4776425,945.7296321,1055.030677,1.624170355,388.6615544,260.1165172,105.0932583,124.7891399,186.5996148,42.48846798,480.0899029,202.6040317,411.42424,479.7986105,13.36285094,70.01940184,466.1123647,173.3046393,367.427444,751.7361538,275.1966125,2.70514539,146.7544196,1.490324247,116.9485247,901.9489645,313.2066933,80.28233845,16.87989511,91.40985055,37.02359582,112.0834209,449.5978478,124.5057882,365.1621943,290.0890831,360.5318265,348.1373919,171.2153929,579.7789647,189.4924262,71.43010078,60.66488899,221.3472226,913.8177677,14.08454834,98.70370666,72.57649614,711.256089,1009.898203,275.4149701,87.20607432,126.0854955,121.754084,185.6220188,98.61711169,261.8837188,394.8898338,269.9062484,526.8711438,605.3435241,492.4605174,149.2235089,186.0714728,485.4804085,652.3460685,433.263119,17.43223406,427.7340664,100.833755,110.7582004,52.28334776,224.2416593,0.00090469,306.6540737,194.244081,2.792538048,242.9244172,29.28382461,28.81734175,181.555664,0.062744734,15.02550107,58.66931905,91.23181896,246.8410156,166.4577401,263.7799162,18.49617352,904.3627847,352.3448137,0.144333495,122.4061449,343.3309071,45.21917056,108.7294664,289.2302761,144.7503859,337.8827843,116.9245227,129.316351,52.12023111,196.3502747,24.38695585,191.3316574,246.9680448,25.83197189,37.79460917,21.3117069,54.39885213,26.64961347,28.0940281,393.8842733,1.616527605,112.9180382,1097.770728,48.16046078,447.9355449,244.2041446,521.7899574,2398.292158,1591.10016,103.9062383,370.5993451,404.8978443,62.14086059,781.50975,730.9310531,235.1330546,337.2073752,300.8575387,422.3669051,152.8449823,362.373426,0.003382042,799.0693191,109.3155129,366.4436295,4.154860315,863.116185,209.4317487,444.0141533,465.6807731,20.077906,9.765798792,539.4678701,49.39872057,229.5165568,348.2240727,9.005153632,232.9085094,204.8078239,8.068916651,64.53093224,2.014383468,299.6285925,5420.376972,20.7933595,180.421214,69.45114786,21.09507133,229.2464981,186.4394456,324.3872506,443.8896941,569.1200079,634.8434925,8.652920251,243.7933678,81.00959885,16.0717766,71.55958134,158.0713149,57.98851296,85.51708128,31.38067139,627.2893574,25.91205081
2030,18.24482032,408.5334841,864.0039119,964.3958448,1075.854205,1.6480816,393.4503132,263.3214528,106.8553187,124.8138871,188.2965462,42.91759818,484.6508642,206.9551591,420.2599936,484.9874992,13.50736647,70.36247966,472.9120135,174.2198738,372.8327475,762.7951048,278.9212819,2.744970888,148.7918123,1.512248725,118.617325,914.8193509,315.3421988,81.62840322,17.11423882,92.97244912,37.37465257,112.8505008,455.2170995,125.3047243,368.0722195,294.116392,364.9547441,350.5580045,175.1048319,592.9495967,190.7083724,72.10739909,61.31788946,224.7061472,927.6848718,14.29828012,99.91457996,73.46684711,725.2944114,1029.830934,278.334398,88.03295999,127.9403661,123.5452343,187.375728,99.09138739,262.8289512,398.5884829,272.4342661,529.7755504,614.2488619,499.7052092,151.5568509,188.3970676,493.3265381,662.8890106,440.6695016,17.6354604,433.9039396,102.288237,111.9322491,53.15996363,227.8372701,0.000909041,309.9046394,197.3586946,2.81901682,246.390834,29.59423626,29.12280863,183.3048454,0.063528943,15.20401793,59.56303834,92.21846575,250.1985106,168.4998036,267.0159046,18.76827468,924.1278138,360.0453799,0.145277962,123.8331653,349.1999505,45.74633918,109.4708055,292.343568,147.2092615,343.6224008,117.5420097,131.5269393,52.39548188,197.6102268,24.49498032,193.0716218,248.4210588,26.1911977,37.96202419,21.40610924,54.66207824,26.88686965,28.34414361,402.4926927,1.635204295,114.4889318,1121.762726,48.59843059,454.5252203,247.7966839,533.1937811,2450.707312,1625.873972,105.180935,375.6829731,408.1245281,62.73007857,798.5898015,746.9056971,238.4041795,341.898538,305.9019076,426.3229122,153.5800542,367.7043788,0.003431796,805.7479563,110.7474074,373.6762619,4.245665617,881.652482,212.9893668,451.5566238,471.2499481,20.33762907,9.887855607,546.0859321,49.61753717,233.4153556,352.7286174,9.064080147,236.0171442,206.7691553,8.146188209,65.42867391,2.031115947,304.17543,5419.599476,20.91233087,182.634578,70.31917577,21.23944241,233.7712204,187.424046,327.0817738,448.5949719,577.241082,648.7181237,8.73467082,246.3776034,82.36785733,16.34124623,72.19666196,158.9438959,58.09947414,86.55485444,31.56529671,632.2883082,26.04970898
2031,18.46378913,414.4218984,876.4572681,983.2131051,1096.846237,1.671841667,398.7751133,266.8851406,108.6846967,124.8394518,189.637974,43.34516264,489.3002459,211.4195591,429.3257676,490.1173101,13.65023661,70.68367105,479.8006508,175.2224762,378.2065878,773.7896837,282.6605456,2.784544592,150.8229653,1.534045584,120.3007379,927.8024355,317.3754356,83.02589291,17.34786483,94.55390088,37.69350882,113.5979297,461.0195792,126.0864376,371.0489203,298.1313668,369.2489926,352.6182806,179.0715758,606.3820025,191.8981062,72.72257256,61.8910293,228.0804255,941.6153628,14.51298887,101.0902272,74.33129649,739.4463323,1049.924962,281.2607047,88.78399999,129.7844399,125.3259587,189.3122493,99.57698859,263.6686112,402.2478386,274.9354269,532.6007344,623.1023634,506.9077309,153.879356,190.7984936,501.4996935,673.8713812,448.1652443,17.83251166,440.1655269,103.7643396,113.1090641,54.07006965,231.3286063,0.000913496,313.1628642,200.3829827,2.843066839,249.8876043,29.90537931,29.42899526,185.20307,0.064338722,15.37598881,60.45971251,93.19387912,253.3983227,170.4824605,270.1577536,19.03879198,944.0968189,367.8254163,0.146261515,125.2168253,355.1398056,46.25748964,110.1766421,295.0761106,149.7039549,349.4456251,118.2184417,133.7641989,52.69700794,198.8430178,24.56221608,194.4470674,249.5676221,26.55142471,38.06622536,21.46486643,54.89601065,27.12073278,28.59068217,411.1899513,1.654495628,116.0641444,1146.002323,48.94464665,461.0765384,251.3683116,544.7152927,2503.663392,1661.00665,106.4185489,380.5146559,411.4251428,63.26525083,815.8461199,763.0452001,241.6842981,346.6025989,311.1389911,430.2368918,154.3326792,373.0043011,0.00348126,811.5743155,112.088048,380.9674209,4.337408033,900.6713329,216.598808,459.208964,477.2237024,20.58171513,10.01389235,552.511465,49.75373131,237.3709475,356.9619594,9.125445264,238.8380426,208.7117185,8.222720345,66.32888385,2.048350486,308.7430512,5419.105383,21.00669728,184.7835521,71.21550762,21.380115,238.3325568,188.5026358,329.8571464,453.3113364,585.4332675,662.7359417,8.824943327,248.967928,83.77800658,16.62101066,72.82463159,159.7857204,58.20735323,87.5960805,31.71098327,637.4017968,26.20009324
2032,18.68089814,419.9889696,888.2310185,1001.795868,1117.57667,1.694296149,403.5279101,270.0660083,110.4198334,124.8649678,190.9052653,43.75332119,493.8627208,215.8353642,438.292861,494.9299425,13.78427303,71.00118486,486.5461508,176.0967137,383.2871663,784.1842653,286.29359,2.82194377,152.8160437,1.554652944,121.8815355,939.9941134,319.3470885,84.35139021,17.57711145,96.10423929,38.03618411,114.2327547,466.9147259,126.8150377,373.8391337,302.0710799,373.2970905,354.7893745,183.0506874,619.8562889,193.007004,73.38370042,62.45387502,231.3432304,955.0856428,14.72060445,102.1984852,75.14619475,753.4218943,1069.768581,284.1249254,89.59114383,131.5278787,127.0095052,191.0966512,100.0529433,264.5684981,405.6152509,277.2370451,535.3656953,631.4727107,513.717196,156.0882583,193.2382709,509.8244836,685.0575053,455.5135164,18.0309294,446.3554671,105.2235521,114.2609112,54.9332911,234.8344338,0.000917862,316.3519608,203.4198237,2.868913432,253.1712227,30.20992098,29.72868568,186.8108062,0.065161434,15.5483719,61.32609584,94.10898224,256.4488015,172.3514695,273.1195085,19.29454659,963.973341,375.5694208,0.147227616,126.6100805,360.9628005,46.77218475,110.8610999,297.7595742,152.2151801,355.3074385,118.808269,135.9574429,52.95992914,199.9920473,24.64608881,195.7464963,250.7860707,26.91774586,38.1962103,21.53816262,55.14659857,27.3560234,28.83872559,419.8469301,1.6737487,117.6658909,1170.129658,49.27172842,467.2703373,254.7450282,556.1834444,2556.374216,1695.976618,107.5852216,385.1125223,414.5189773,63.84040128,833.0225187,779.1099559,245.019669,351.3858976,316.1062836,433.838614,155.0703533,378.0149956,0.003528025,817.7150199,113.4133163,388.1677187,4.42872556,919.4831643,220.2321681,466.9120145,482.6438842,20.82372806,10.14194193,558.5686798,49.92362564,241.3527521,361.1593458,9.185721605,241.7297884,210.5516424,8.295208752,67.24425745,2.06531093,313.1597754,5418.790135,21.10790468,186.8093448,72.12615412,21.49959456,242.8370506,189.4431321,332.58838,457.9276362,593.1260839,676.6888387,8.908124661,251.503295,85.11551127,16.88636287,73.45643431,160.6280025,58.32339347,88.58594155,31.86580386,642.1949303,26.33107878
2033,18.90678983,425.8268246,900.5774473,1021.178004,1139.198862,1.717842377,408.5169692,273.4049973,112.2370442,124.8908061,192.2530966,44.16659377,498.7082725,220.3974555,447.5570149,500.012674,13.92583198,71.33087397,493.6015039,177.0467209,388.6148656,795.0844422,290.0642194,2.861161313,154.9116124,1.576262651,123.5370588,952.762103,321.4122804,85.73958516,17.81814664,97.7220193,38.39181312,114.9202682,473.002859,127.5993721,376.8211577,306.2133851,377.5476305,357.1333088,187.1120207,633.6089988,194.2007271,74.06982006,63.04808434,234.7328485,969.0794632,14.9362893,103.3621662,76.00184543,767.9986421,1090.465811,287.1065639,90.42879909,133.3561188,128.7749398,192.9580301,100.5559969,265.5209917,409.177922,279.6721222,538.3550628,640.2501939,520.8578752,158.4040246,195.7579179,518.2745413,696.4119531,463.1814473,18.24040516,452.6210829,106.7006044,115.4599779,55.83734398,238.494707,0.000922477,319.6717934,206.5904495,2.89573707,256.6100607,30.52694725,30.04066181,188.5142866,0.066011078,15.72981994,62.22560621,95.07544365,259.6531356,174.3139461,276.2293784,19.56274117,984.513965,383.5721631,0.148200019,128.0809831,367.0391027,47.31556432,111.5780297,300.5925692,154.8121957,361.3695078,119.4492162,138.2460957,53.24563755,201.2289719,24.73922737,197.1285077,252.1076095,27.29583254,38.34055531,21.6195562,55.41179518,27.60146776,29.0974731,428.7931505,1.693246252,119.3190125,1195.06312,49.61959717,473.7654043,258.2859892,568.0347628,2610.84618,1732.114981,108.8102386,389.935005,417.8254945,64.4372934,850.7728044,795.7114571,248.4620202,356.3226184,321.3085351,437.6491815,155.8500274,383.2694115,0.003577065,824.3075358,114.7893978,395.6777512,4.52309413,938.9181913,223.989654,474.8782225,488.2787314,21.07553111,10.27418341,564.9288112,50.11228902,245.4705863,365.5265285,9.246391091,244.735111,212.4073434,8.368318735,68.18899121,2.082376067,317.7481615,5418.590862,21.2182706,188.9364457,73.06661199,21.62899057,247.5353139,190.4651406,335.3364728,462.7331797,601.1825468,691.107921,8.994894341,254.1425985,86.51628158,17.16426657,74.11550188,161.5390622,58.46175738,89.61522369,32.03372345,647.3175633,26.47327233
2034,19.13067715,431.5274651,912.6336823,1040.419367,1160.664012,1.740835115,413.3764682,276.6572767,114.0224167,124.9169225,193.5384814,44.58420144,503.3646792,224.9803579,456.8634295,504.8900053,14.06167033,71.65725594,500.5774885,177.9270435,393.8173411,805.7284183,293.7683282,2.899456988,156.9593106,1.597364437,125.149553,965.1982366,323.3958575,87.10345837,18.0536757,99.32307819,38.74118815,115.5591711,479.0545687,128.3404993,379.6208308,310.2610648,381.6627698,359.3076847,191.2572194,647.6456982,195.3286906,74.74387381,63.62077332,238.0686236,982.8509961,15.14854805,104.4887783,76.8302394,782.4695189,1111.012718,290.0237644,91.25172361,135.1413875,130.4988792,194.778684,101.034713,266.4276816,412.596468,282.0086901,541.1726811,648.8213688,527.8307179,160.6657575,198.2624908,526.8497111,707.9345154,470.7701236,18.44337517,458.9624513,108.1955145,116.6331308,56.72555748,242.1135847,0.000926869,322.919879,209.7252175,2.922088996,259.9595191,30.83712206,30.34589562,190.1391143,0.06685564,15.90535864,63.11051928,96.00284901,262.7665697,176.2139081,279.2401836,19.82463203,1005.148479,391.6114855,0.149177137,129.5062036,373.0526013,47.84206802,112.266627,303.3229622,157.3955057,367.3995847,120.043149,140.5110933,53.51038879,202.3977572,24.82450728,198.4464891,253.3478349,27.67136148,38.47272108,21.69408213,55.66425836,27.84111269,29.35010683,437.7802635,1.712952036,120.960868,1220.110553,49.9513488,480.1078094,261.7437224,579.9402529,2665.567133,1768.41853,109.9962328,394.6171949,420.9298181,65.02368877,868.6042259,812.388843,251.8809114,361.2256948,326.419641,441.3055955,156.5919814,388.4003262,0.003624952,830.5851684,116.1516677,403.1332384,4.617894055,958.4418759,227.7273098,482.8023892,493.8693882,21.32509988,10.40563373,571.0863408,50.28503377,249.5666887,369.8549605,9.307354739,247.6776944,214.2760974,8.441942974,69.1272865,2.099529204,322.2636624,5418.464415,21.32210611,190.995788,74.00144339,21.74923764,252.1994537,191.4121831,338.0987368,467.4348675,609.0296121,705.5929122,9.079765593,256.7248623,87.89250982,17.43730129,74.7589968,162.3839447,58.58160734,90.62249431,32.19131106,652.1269472,26.6049857
2035,19.36051926,437.4057913,925.0657033,1060.260798,1182.798582,1.764545454,418.3820605,280.0073308,115.8646561,124.9433531,194.8723431,45.00636454,508.1854973,229.6874952,466.4221257,509.9308699,14.20206323,71.99205042,507.783398,178.8497863,399.1819749,816.7041612,297.5632691,2.938947866,159.0758683,1.619123954,126.8108953,978.0111043,325.4327518,88.51077307,18.29712507,100.9730698,39.09955357,116.2287676,485.2511743,129.1133549,382.5307747,314.4448589,385.9060547,361.5718137,195.4901787,661.9795774,196.5049434,75.43527283,64.21247029,241.4932908,996.9895142,15.3664631,105.6504731,77.6844296,797.3916889,1132.200407,293.0183987,92.09582426,136.982302,132.2765528,196.6517785,101.5277087,267.3640289,416.130577,284.4242451,544.1186998,657.6597023,535.0209003,163.0007788,200.8270304,535.5576053,719.6354212,478.5907307,18.65305897,465.3844227,109.7094259,117.8374238,57.64206198,245.8476647,0.000931391,326.2541814,212.9597767,2.94911903,263.4104443,31.15553012,30.65923153,191.8179845,0.067720422,16.08650305,64.01878652,96.9613496,265.9765168,178.1730351,282.3447454,20.09468589,1026.344873,399.8697195,0.150159682,130.9785671,379.2498888,48.38598726,112.9737333,306.1439792,160.0444964,373.5829766,120.6657016,142.8453154,53.78789761,203.6165792,24.91526576,199.8141766,254.6579845,28.05575198,38.61337749,21.77339577,55.92495447,28.08782279,29.61018867,447.0120966,1.732895445,122.6413907,1245.840029,50.29561207,486.6479038,265.3092312,592.1699308,2721.778143,1805.710628,111.2191589,399.4418775,424.1564117,65.62517371,886.9211987,829.5203557,255.3803208,366.2442433,331.6935437,445.0856135,157.3560671,393.6911687,0.003674331,837.112896,117.5490465,410.8212346,4.715275391,978.4948154,231.5599956,490.9280282,499.606793,21.58130649,10.54023135,577.4356163,50.46887603,253.7669347,374.298517,9.368656994,250.6988204,216.1587712,8.516115618,70.08767953,2.116784089,326.8994929,5418.384587,21.43202456,193.1192582,74.95865743,21.8752615,257.0090508,192.4048608,340.8773859,472.2613564,617.1143926,720.4723312,9.167081402,259.3756695,89.31257309,17.71903259,75.42146312,163.2665859,58.71610864,91.65553378,32.3577835,657.1257583,26.74300434
2036,19.58958919,443.1937626,937.3066334,1080.078674,1204.906874,1.78789202,423.3066337,283.3031619,117.6868048,124.9700476,196.1578217,45.43264914,512.8696301,234.4347963,476.0623818,514.8215432,14.33827317,72.32556204,514.964185,179.7208201,404.4641495,827.5111974,301.3194617,2.977832861,161.1606934,1.640549009,128.4440965,990.606937,327.4066193,89.90274019,18.53692453,102.6178191,39.45336524,116.8635195,491.4464256,129.8556591,385.304789,318.5659274,390.0571622,363.7120389,199.8123558,676.6155708,197.6346983,76.11788626,64.78918957,244.8869173,1010.999883,15.582403,106.7869322,78.52006411,812.296144,1153.362943,295.9747988,92.92919894,138.79492,134.026902,198.501968,102.0034562,268.2644529,419.5596006,286.7679745,546.9444211,666.362183,542.1005633,165.3074072,203.3910097,544.3987191,731.5153359,486.3864899,18.85799094,471.8868265,111.2422985,119.0263408,58.54857146,249.5653666,0.000935756,329.545913,216.1801488,2.975805595,266.8029149,31.46987288,30.96856691,193.439727,0.068585016,16.26343355,64.91868692,97.89129189,269.1245155,180.0896037,285.3818664,20.36058878,1047.724225,408.1992349,0.151146747,132.4175641,385.4274861,48.91758026,113.6589599,308.8935873,162.6932799,379.7658847,121.2533674,145.1721212,54.0498553,204.7872207,25.0001515,201.132254,255.9045111,28.43968532,38.74493238,21.84757722,56.17566431,28.33177451,29.86736262,456.3236147,1.753036934,124.3198549,1271.791591,50.62738789,493.0874712,268.8199351,604.5051698,2778.474341,1843.324615,112.4155192,404.1720549,427.2322844,66.2190156,905.3962755,846.7997401,258.8754436,371.2566444,336.9099314,448.753234,158.09342,398.9006863,0.003722952,843.4267098,118.9410634,418.500104,4.813497279,998.7188572,235.3923817,499.0530314,505.3378313,21.83665235,10.67479956,583.6469657,50.64082233,257.9668521,378.7271449,9.43024123,253.6826969,218.0539338,8.590780293,71.04689614,2.134128461,331.493305,5418.334102,21.53671513,195.1966001,75.91566226,21.99472731,261.8129382,193.3419105,343.6704456,477.0262228,625.0622263,735.4801827,9.253329481,261.9926323,90.71714974,17.99769145,76.07652263,164.1068036,58.83026469,92.67576636,32.51617178,661.8910645,26.87327197
2037,19.82134207,449.023298,949.6354672,1100.188224,1227.34055,1.811406957,428.2571709,286.6163697,119.5271243,124.9971529,197.4451941,45.86531517,517.5668837,239.2711793,485.883535,519.7147532,14.47455376,72.66287535,522.2529829,180.5902967,409.7842562,838.3958403,305.10277,3.016998287,163.2623298,1.662127919,130.0870997,1003.278367,329.3833377,91.30858822,18.77865764,104.2849241,39.81094197,117.4905247,497.7305332,130.5999783,388.0632054,322.7202266,394.2273581,365.8326571,204.2361808,691.5957699,198.76752,76.80776365,65.36903396,248.3121222,1025.140621,15.80035226,107.9286173,79.35954119,827.4199589,1174.836943,298.9562205,93.77144189,140.6205547,135.7898208,200.3681751,102.4796741,269.1681096,422.9939577,289.1153492,549.7842613,675.1271574,549.2310663,167.6260732,205.9917631,553.4028936,743.6143573,494.2882109,19.06358588,478.4947099,112.8000367,120.2253203,59.46412079,253.3377793,0.000940125,332.8655042,219.447913,3.002776141,270.2157463,31.7868761,31.28052035,195.0607497,0.06946201,16.44086396,65.82686887,98.82171652,272.2897317,182.0149854,288.4329533,20.62840115,1069.505853,416.6854795,0.152145825,133.8612164,391.6890508,49.450893,114.3451762,311.6580951,165.377872,386.032379,121.8399827,147.5305535,54.31134468,205.9610399,25.08480204,202.4522734,257.1603864,28.82856716,38.87612275,21.92155314,56.42726369,28.57825886,30.12720647,465.8103395,1.773487806,126.0199061,1298.23146,50.9596525,499.573282,272.3558498,617.0725101,2836.237342,1881.646351,113.6173808,408.9271554,430.2908618,66.81917679,924.2189817,864.4042555,262.4155179,376.3335111,342.1783377,452.4265592,158.831502,404.1476141,0.003771922,849.7601215,120.3489428,426.291989,4.913567323,1019.322398,239.2765774,507.2878758,511.1336247,22.0949889,10.81129784,589.8868771,50.8122922,262.2235478,383.2076424,9.492575,256.6874497,219.9723753,8.666362093,72.01844944,2.151669124,336.1298633,5418.302265,21.64227229,197.2834944,76.88639308,22.11273512,266.6875279,194.277285,346.4951149,481.8314169,633.0577611,750.7704238,9.340324231,264.631744,92.13573305,18.27912913,76.73838276,164.9382251,58.94033532,93.70382262,32.67574793,666.6295758,27.00329545
2038,20.05555606,454.8855714,962.0335382,1120.571896,1250.080029,1.835054522,433.2296374,289.9442539,121.382951,125.0245507,198.7301181,46.30225752,522.256405,244.1914781,495.8750942,524.5987833,14.61057867,73.00370528,529.6533176,181.4510129,415.13424,849.3416101,308.9108624,3.056384611,165.377427,1.683828014,131.7375992,1016.007611,331.3504812,92.72628248,19.02193902,105.9732024,40.17006231,118.118535,504.0866928,131.3419817,390.7992873,326.9011337,398.408236,367.927008,208.7545408,706.8960887,199.8968171,77.50061915,65.95028099,251.7623605,1039.384708,16.01989442,109.0732267,80.2011686,842.7499332,1196.603665,301.9562223,94.6173207,142.4564419,137.5626398,202.2503702,102.95405,270.0690177,426.4224249,291.4586983,552.6162752,683.9413548,556.4016133,169.9616555,208.6223362,562.5468492,755.9012043,502.2902883,19.2695993,485.1880007,114.3779087,121.4317718,60.38738491,257.1563378,0.000944476,336.2057829,222.7556498,3.029863116,273.6441489,32.10585485,31.59441787,196.6752845,0.070349059,16.61861053,66.74162879,99.75039565,275.4674554,183.945299,291.4918556,20.89771753,1091.667112,425.3196301,0.153149737,135.3078071,398.030141,49.98529129,115.0280686,314.4292901,168.0936749,392.3717268,122.4206874,149.9189393,54.57019941,207.131207,25.16896006,203.7697822,258.4153679,29.22159291,39.00654984,21.99509865,56.67809236,28.82597728,30.38835129,475.4624076,1.794159127,127.7380391,1325.132148,51.29128519,506.0955163,275.9116218,629.8588856,2895.00709,1920.635994,114.822321,413.7004616,433.3246744,67.42192881,943.3697472,882.3155985,265.9932444,381.4643752,347.4911377,456.0935848,159.5667292,409.4240081,0.003821166,856.0784072,121.7714939,434.1900886,5.015381479,1040.28343,243.2059302,515.6184575,516.9965004,22.35606889,10.94936117,596.1427722,50.98276443,266.5297313,387.7357209,9.555210387,259.7098534,221.9037378,8.742452954,73.00033617,2.169304176,340.8003084,5418.282204,21.74780456,199.3757342,77.86825405,22.23093209,271.6285652,195.2032351,349.3349845,486.6665566,641.0897761,766.3271572,9.428064277,267.2873023,93.56626989,18.56293832,77.40355665,165.7649501,59.05519437,94.73736516,32.83521051,671.3297203,27.13200297
2039,20.29187439,460.7779443,974.4952664,1141.224831,1273.119891,1.858823931,438.230896,293.2914077,123.2530658,125.0522368,200.0088576,46.74339534,526.9431893,249.1959206,506.0375226,529.473774,14.74635184,73.34755626,537.1466805,182.3042744,420.5116929,860.3435802,312.7397449,3.095973874,167.5034842,1.705639527,133.3945189,1028.78637,333.3079762,94.15489164,19.26648104,107.6818291,40.53109691,118.738595,510.5172922,132.0815535,393.5105909,331.1037055,402.5991182,369.9953189,213.3694878,722.5234754,201.0224133,78.19716787,66.53305213,255.2373314,1053.730902,16.24101035,110.2205751,81.04480993,858.2824123,1218.657919,304.9732781,95.4677084,144.3017554,139.3445613,204.1450916,103.4255507,270.9617666,429.8445789,293.7977323,555.440032,692.8008081,563.608977,172.3145524,211.283717,571.8337042,768.380067,510.3888132,19.47583866,491.9672466,115.9760438,122.6450816,61.31775728,261.0239532,0.000948802,339.56505,226.1058809,3.057094476,277.0858876,32.42664691,31.9100998,198.283339,0.071246497,16.79652409,67.66290741,100.677356,278.6539817,185.8802316,294.5580774,21.16841669,1114.210147,434.102523,0.154158406,136.7559844,404.447659,50.52027568,115.7076115,317.2077516,170.8408359,398.784272,122.9963627,152.3361117,54.82681221,208.2975392,25.25189049,205.0809497,259.6750544,29.61879133,39.13507442,22.06757137,56.92664956,29.07489326,30.65075857,485.2807539,1.815047712,129.4743889,1352.496259,51.62132169,512.6512387,279.4856506,642.8655346,2954.789276,1960.29732,116.0301445,418.4866293,436.3310125,68.02789375,962.8504268,900.5355038,269.6089042,386.6496401,352.8448412,459.7538577,160.2975,414.7274933,0.003870664,862.3818733,123.20665,442.1925199,5.118949608,1061.602923,247.1806535,524.0452285,522.9195251,22.61949458,11.08904142,602.413637,51.15075002,270.8856363,392.3044827,9.618142515,262.7502727,223.8479036,8.81904823,73.9926335,2.187034512,345.5042331,5418.269574,21.85376445,201.4729806,78.86161403,22.34763277,276.6348724,196.1211655,352.1901979,491.5291826,649.1530345,782.1518896,9.516388242,269.9579567,95.00782052,18.84893257,78.0719462,166.5816235,59.16755214,95.77651248,32.99527093,675.9872998,27.2595926
2040,20.53042342,466.7027752,987.0256396,1162.157945,1296.472313,1.882724583,443.2471878,296.6486225,125.1386522,125.0802247,201.2843216,47.18877595,531.6244484,254.287668,516.3772393,534.3345007,14.88172773,73.69462735,544.7556764,183.1494069,425.9187673,871.4061544,316.5933974,3.13578173,169.6438812,1.727571188,135.0590914,1041.624151,335.2579179,95.59531973,19.51267245,109.4123172,40.89412956,119.3547628,517.0252108,132.8201143,396.1989232,335.3346228,406.8013778,372.043149,218.0831747,738.4852208,202.146471,78.89757143,67.11714794,258.7374258,1068.180816,16.4637249,111.3710383,81.89074156,874.0256059,1241.011363,308.0109602,96.32280232,146.1572338,141.1362984,206.0560346,103.893918,271.8513027,433.2602627,296.132344,558.2677338,701.7090635,570.8560423,174.6842559,213.9770973,581.2655747,781.0537887,518.5909561,19.68230301,498.8337075,117.5947389,123.8666862,62.25582664,264.9409718,0.000953099,342.947283,229.4989065,3.08447654,280.5435226,32.74963207,32.2279399,199.8821471,0.072154726,16.97461433,68.59082167,101.601604,281.8523372,187.8204171,297.6326234,21.440607,1137.14627,443.0385652,0.155171789,138.2057415,410.9472871,51.05584367,116.3845323,319.9925286,173.6198852,405.2712525,123.5665535,154.7842111,55.08098024,209.4622773,25.33503169,206.3887586,260.9274083,30.02027499,39.26392565,22.14022829,57.17430757,29.32602833,30.91550521,495.2703049,1.836163725,131.2294544,1380.337525,51.9505128,519.243073,283.0793669,656.0989834,3015.613897,2000.650228,117.241247,423.29034,439.3118795,68.63721222,982.6707954,919.0731137,273.2635367,391.8907961,358.242836,463.4072104,161.0234146,420.0601927,0.003920434,868.687434,124.6552418,450.3035127,5.224323677,1083.294345,251.2015144,532.5698154,528.9024302,22.88540685,11.23040113,608.7015258,51.31916256,275.2921036,396.9163707,9.681368811,265.8051177,225.804817,8.896145728,74.99562664,2.204855846,350.2421663,5418.26163,21.95912707,203.5759206,79.86691782,22.46360088,281.7090954,197.0303508,355.0600654,496.4250522,657.2535344,798.2525615,9.605468393,272.6468692,96.46129712,19.13729286,78.74629446,167.3930244,59.27716763,96.82112758,33.15439964,680.6054181,27.38596503
2041,20.77133739,472.657312,999.6188378,1183.368631,1320.134387,1.906745289,448.2860696,300.0209561,127.0387031,125.1084951,202.5568747,47.63843148,536.3008607,259.4671496,526.8951162,539.1847619,15.01681215,74.04512372,552.4731511,183.98803,431.3529518,882.5241942,320.468248,3.175789542,171.7952546,1.749612811,136.730091,1054.511499,337.1960356,97.04679754,19.76012638,111.1639728,41.2589446,119.9626525,523.612171,133.557028,398.8582708,339.5872371,411.0135343,374.0598361,222.8977266,754.7885208,203.2680218,79.60141378,67.70278046,262.2619552,1082.731609,16.68799429,112.524211,82.73866548,889.9775536,1263.661212,311.0672107,97.18209452,148.0220151,142.937019,207.9799711,104.36032,272.7378966,436.6688416,298.4620994,561.0869396,710.6619832,578.1394431,177.0600928,216.70319,590.8441786,793.9246781,526.8934287,19.88881454,505.7884697,119.2342501,125.0957581,63.20109208,268.9091078,0.000957377,346.3501905,232.9362113,3.111993043,284.0145078,33.07459155,32.54772287,201.4757466,0.073073985,17.15273444,69.52519776,102.5238621,285.0592662,189.7651721,300.7144104,21.71416201,1160.478778,452.1290413,0.156189901,139.6558299,417.5264196,51.59153406,117.0573484,322.7846323,176.4310476,411.8331928,124.1323526,157.2622561,55.33319063,210.6244177,25.41768965,207.6935828,262.1786711,30.42613891,39.39202795,22.21246289,57.42114126,29.57827527,31.18142399,505.4324967,1.857492596,133.0036563,1408.659947,52.27895262,525.8679575,286.6911014,669.5611347,3077.489699,2041.700522,118.4552017,428.1067888,442.2606079,69.24952229,1002.833703,937.9310934,276.9580174,397.189099,363.6822396,467.0529636,161.7462831,425.4196292,0.003970454,874.9750287,126.1181247,458.5220569,5.331518837,1105.359525,255.268838,541.1929075,534.9449318,23.15395534,11.37347772,615.0042234,51.48659621,279.7494894,401.5739804,9.744890122,268.8783139,227.7745064,8.973746571,76.0095559,2.222770084,355.0131761,5418.256638,22.06441024,205.6838132,80.88443146,22.578011,286.8506024,197.9325334,357.9448937,501.3508488,665.3853112,814.6314875,9.695154248,275.3522182,97.92592356,19.42786521,79.42362832,168.1994902,59.38421575,97.87147159,33.3133897,685.1737455,27.51136329
2042,21.01668177,478.6812411,1012.358793,1204.958991,1344.220015,1.93104608,453.3879559,303.4354561,128.9629205,125.1373538,203.8430381,48.09792639,541.0121642,264.7603423,537.6439042,544.0659806,15.15275877,74.40205684,560.3482616,184.8349255,436.8504646,893.7718002,324.3959564,3.216263851,173.9710676,1.771911299,138.4191976,1067.538495,339.1573804,98.5167365,20.01039138,112.947471,41.63013826,120.5763103,530.3304348,134.303397,401.5278106,343.888161,415.2711372,376.080197,227.8414023,771.5290671,204.4039631,80.3175625,68.29606951,265.8344166,1097.480286,16.91531363,113.6898257,83.59573794,906.2150435,1286.716497,314.1720815,98.05641106,149.908528,144.7587246,209.9399892,104.8345187,273.6410536,440.1086963,300.8132317,563.9588329,719.7192374,585.5077223,179.4776828,219.4836242,600.6415896,807.0895812,535.3468283,20.09711088,512.8919591,120.9088221,126.3443827,64.1583802,272.9530034,0.000961727,349.8072331,236.4391411,3.139990659,287.5231048,33.40472063,32.87259309,203.0771238,0.074011569,17.3323871,70.47227031,103.4520066,288.3001063,191.7309096,303.8294478,21.99090495,1184.325776,461.4199653,0.157230792,141.1184509,424.2251512,52.13185423,117.7382277,325.6132397,179.2902958,418.5073769,124.7037329,159.7853482,55.58788891,211.8014694,25.50198536,209.0123625,263.4629796,30.8394447,39.52266843,22.28612873,57.67256658,29.83463905,31.45168273,515.818768,1.87926487,134.8103816,1437.606888,52.6109052,532.5700464,290.3449259,683.3201305,3140.72988,2083.655987,119.6822543,432.9740801,445.2206375,69.87253831,1023.441208,957.2048972,280.7202225,402.5845264,369.1908262,470.7321689,162.4812356,430.8415229,0.004021057,881.3340518,127.6078652,466.8877143,5.441077683,1127.909127,259.4057343,549.9634999,541.1100313,23.42744245,11.51940639,621.374923,51.65734735,284.2831201,406.3172437,9.809832687,271.9897428,229.783364,9.052890543,77.04207174,2.241037733,359.8490696,5418.253504,22.17248219,207.8144486,81.9222281,22.69350672,292.0841431,198.8436154,360.8866337,506.3550072,673.6052043,831.3715739,9.786522072,278.1006051,99.40917838,19.7221333,80.1120167,169.0088351,59.49350006,98.9361064,33.47657869,689.7595814,27.63799808
2043,21.26448339,484.7359376,1025.163818,1226.837212,1368.626773,1.955471092,458.5130521,306.8654897,130.9019155,125.1665394,205.1259773,48.56180951,545.722517,270.145641,548.5797303,548.929822,15.28822141,74.76255938,568.3379944,185.6750721,442.376056,905.0768535,328.3410037,3.256945057,176.1591455,1.794323677,140.1148389,1080.615888,341.1079901,99.99796427,20.26206711,114.7537144,42.0036205,121.1860856,537.1317475,135.0498045,404.1697023,348.213329,419.5402883,378.0758342,232.8913492,788.6294746,205.5399631,81.03812661,68.89171608,269.431265,1112.329643,17.14418474,114.858602,84.4551351,922.669025,1310.079174,317.2994487,98.93611816,151.8046764,146.5897346,211.9176738,105.3067063,274.538423,443.5405492,303.158895,566.8218022,728.8227516,592.913635,181.9016608,222.2984292,610.5927364,820.461061,543.9080353,20.30552085,520.0876217,122.605123,127.6020542,65.12302011,277.0491731,0.000966059,353.2893237,239.987352,3.168160893,291.0452755,33.73724167,33.19981716,204.6690308,0.074960743,17.51213356,71.42580121,104.376847,291.5524138,193.701979,306.9529344,22.26906136,1208.586965,470.8722609,0.158276631,142.5818698,431.0093127,52.67246914,118.4153804,328.453087,182.1824489,425.2583693,125.2705598,162.3406178,55.84055747,212.978582,25.5857955,210.3278362,264.7403157,31.25734215,39.65255637,22.35937023,57.9223788,30.09345457,31.72452611,526.3854358,1.901283432,136.6371734,1467.0566,52.94202561,539.3063663,294.0174124,697.3181027,3205.068464,2126.340166,120.9126351,437.8585406,448.1500105,70.49939553,1044.40664,976.8134627,284.524213,408.0398787,374.7417177,474.4028158,163.2130711,436.291109,0.004071918,887.6736604,129.1124984,475.3649094,5.552539429,1150.851112,263.5902392,558.8350267,547.3280443,23.70366865,11.66713897,627.7629023,51.8271149,288.868925,411.1080128,9.875083906,275.1234367,231.8054535,9.132555819,78.08605534,2.259400474,364.7179747,5418.251538,22.27997217,209.9508631,82.97285362,22.80827171,297.3874617,199.7474369,363.8436869,511.3954233,681.8568979,848.4024144,9.878713438,280.8689055,100.9038243,20.0186613,80.80698853,169.8129738,59.6040391,100.0079102,33.63888173,694.2979224,27.76362354
2044,21.5145375,490.8183593,1038.027479,1248.997429,1393.348118,1.980008021,463.6558695,310.3073833,132.8536543,125.1960149,206.4059999,49.03017464,550.4227369,275.623262,559.7030333,553.7764062,15.42320342,75.12633571,576.4454054,186.5072207,447.9269499,916.4336742,332.3130956,3.297812666,178.3558884,1.816838685,141.8161649,1093.737125,343.0494141,101.4889272,20.5147395,116.5823223,42.3784778,121.7873243,544.0149111,135.7927986,406.7812618,352.5556249,423.8179413,380.0430164,238.0497853,806.0972542,206.6707679,81.76134363,69.48907793,273.051808,1127.276822,17.37456357,116.0297058,85.31624373,939.335087,1333.74298,320.4468426,99.8190641,153.7095074,148.429129,213.9094898,105.7758217,275.4328419,446.9621149,305.4975268,569.690833,737.9679522,600.3534606,184.3322819,225.1471092,620.6993924,834.0415004,552.5752454,20.51397115,527.3764675,124.3233909,128.8677795,66.09399997,281.1990128,0.000970363,356.7937126,243.5820534,3.196434843,294.5792545,34.07189208,33.52913669,206.2533773,0.07592134,17.69191221,72.38560928,105.2984059,294.8109077,195.6769737,310.0826413,22.54849148,1233.264436,480.486742,0.159327383,144.0455719,437.8774743,53.2131887,119.0893443,331.3011122,185.1063056,432.0833656,125.8319907,164.9275261,56.09082068,214.1503113,25.66992838,211.6403193,266.0229501,31.67969038,39.78294449,22.43289377,58.17136457,30.35340901,31.99857014,537.1334099,1.923520524,138.4834177,1497.01162,53.27239328,546.0735328,297.7067158,711.5562567,3270.510991,2169.756734,122.1454661,442.7522593,451.0457505,71.12856065,1065.731803,996.7584784,288.36871,413.5533218,380.3290916,478.0624594,163.9401451,441.7656495,0.004123012,894.0170406,130.6307914,483.9513699,5.665913671,1174.186399,267.8206142,567.8038025,553.6197338,23.98240572,11.81664945,634.1636031,51.9975362,293.5049991,415.9423296,9.94064168,278.2700139,233.8407396,9.212741006,79.14115571,2.277859304,369.6189542,5418.250305,22.38791103,212.0915323,84.03612298,22.92143004,302.7591364,200.6426543,366.8162137,516.4681168,690.1362555,865.7254757,9.971563547,283.6549333,102.4082935,20.3171382,81.50501857,170.606367,59.71208539,101.0846329,33.80185799,698.7841575,27.88805301
2045,21.7671345,496.9312953,1050.955674,1271.451389,1418.397155,2.004668094,468.8276406,313.7686546,134.8201088,125.225811,207.6823029,49.50300851,555.1152354,281.1950503,571.0175602,558.6059133,15.55770982,75.49381001,584.6716937,187.3320169,453.5056914,927.8474697,336.3068483,3.338885379,180.5632345,1.839466646,143.52407,1106.909101,344.9790558,102.9911317,20.76863148,118.4343815,42.75589319,122.3842289,550.9860528,136.5365229,409.3673033,356.9188804,428.107641,381.9836909,243.3189049,823.9398361,207.8026842,82.489496,70.08795625,276.6970045,1142.325782,17.60651112,117.2041077,86.17977741,956.2220654,1357.720461,323.6167622,100.7080354,155.6238946,150.2777513,215.9191301,106.2426917,276.3210152,450.3771142,307.8316707,572.5571491,747.1590323,607.8306101,186.78047,228.0321999,630.9647111,847.835137,561.3536092,20.72236094,534.7594921,126.0638604,130.1425634,67.07230082,285.406197,0.000974646,360.3231822,247.2264281,3.224901738,298.1268994,34.40893755,33.86081312,207.8292012,0.076894215,17.87163704,73.35195022,106.2167177,298.0816056,197.6575304,313.2211621,22.82932345,1258.369153,490.2676805,0.16038302,145.5088491,444.8337174,53.75375126,119.7592179,334.1563674,188.0637592,438.9867852,126.3884611,167.5476106,56.33887272,215.3231923,25.75274862,212.9489885,267.3041784,32.10685125,39.91129829,22.50527019,58.41861046,30.61472242,32.27404679,548.0674656,1.945999253,140.3506974,1527.485257,53.60180092,552.8746487,301.4145276,726.0409185,3337.086536,2213.924981,123.3817691,447.6642856,453.9131958,71.76201929,1087.426173,1017.048806,292.2570098,419.1295831,385.9585931,481.71508,164.6637389,447.2676546,0.004174362,900.3386496,132.1645137,492.6516478,5.781250783,1197.92285,272.0995988,576.8756349,559.9852686,24.26397736,11.96807092,640.5823296,52.16529858,298.1943446,420.8258081,10.00650425,281.4353874,235.889194,9.293444991,80.20827751,2.296412513,374.5533062,5418.249532,22.49573339,214.2382299,85.11298264,23.03377266,308.2020151,201.529962,369.803939,521.5771151,698.4476297,883.3484544,10.06524455,286.4609005,103.9241062,20.61786555,82.20669772,171.3996458,59.8213678,102.1684775,33.96465558,703.2265568,28.01138308
2046,22.02242879,503.0750586,1063.949065,1294.201484,1443.776552,2.029452558,474.0158075,317.2408991,136.8006242,125.2559088,208.958538,49.98035279,559.7993536,286.8635153,582.5284068,563.4177078,15.69172291,75.865208,593.0194582,188.1520587,459.1125663,939.3188245,340.3223973,3.380165272,182.7812025,1.862208718,145.238574,1120.131971,346.8998702,104.5040775,21.02374521,120.3103563,43.13560406,122.9767281,558.0436878,137.2781735,411.9260033,361.303132,432.4087115,383.9015353,248.701004,842.1649957,208.9314442,83.22207709,70.68987953,280.3666386,1157.47563,17.84001366,118.3816226,87.04560007,973.3317584,1382.01417,326.8084725,101.6024135,157.547936,152.1356961,217.9468638,106.7072876,277.2085885,453.7838049,310.1601355,575.4207524,756.3964626,615.3454666,189.246444,230.953087,641.3906365,861.8445828,570.2453279,20.93088247,542.2378702,127.8268085,131.4261106,68.05759688,289.6702668,0.000978908,363.8769141,250.9200786,3.253541773,301.6882517,34.74829995,34.19476958,209.3943177,0.077879161,18.05147449,74.32476779,107.1316615,301.3602471,199.643337,316.3680022,23.11157164,1283.908482,500.2179461,0.161443575,146.9730514,451.8797865,54.29465559,120.4260272,337.0261401,191.0541585,445.9671082,126.9417238,170.2015282,56.5854949,216.4928029,25.83583147,214.257588,268.584007,32.53887909,40.04005908,22.5778761,58.66568244,30.87819833,32.55180314,559.1908112,1.968705376,142.2392509,1558.486452,53.93119104,559.7100623,305.1410377,740.776338,3404.814633,2258.857867,124.6213491,452.5882294,456.7503245,72.39933072,1109.496115,1037.690399,296.1896086,424.7693744,391.6283476,485.3588136,165.3838083,452.7974061,0.004225972,906.6818243,133.7146068,501.4666697,5.898584604,1222.071155,276.4262509,586.0485267,566.4155091,24.5485557,12.12137113,647.0180702,52.3335929,302.9359289,425.7614337,10.07267369,284.6197173,237.9508777,9.374670178,81.28755695,2.31506199,379.5207383,5418.249048,22.60343911,216.3906179,86.20320329,23.14528615,313.7166775,202.412155,372.8071669,526.7212339,706.7911171,901.2765212,10.159769,289.2861565,105.4507574,20.92074322,82.91418361,172.1814046,59.92802105,103.2582916,34.12727533,707.6219881,28.13400223
2047,22.26825254,509.0252882,1076.533154,1316.664844,1468.836076,2.053456309,479.0187592,320.5891859,138.7370478,125.2846341,210.1260958,50.42969045,564.2251205,292.4771624,593.9279356,567.9653794,15.81837992,76.22282495,601.2050454,188.872856,464.54282,950.4288221,344.1933476,3.420144845,184.9309752,1.884234397,146.8948862,1132.906045,348.6258003,105.9833409,21.27101502,122.1534487,43.49376114,123.5065701,564.8801473,137.951137,414.2800184,365.5525821,436.522832,385.6160117,254.0343492,860.225062,209.9556657,83.91307415,71.25990797,283.9258096,1172.169438,18.06648732,119.5079557,87.87378896,990.2258061,1406.001688,329.8529735,102.4460235,159.4113684,153.9351142,219.8771093,107.1126677,277.9770299,456.9690957,312.3372741,578.0018447,765.3429062,622.6235989,191.648799,233.7824379,651.5584913,875.5072558,578.9811913,21.13019037,549.4576754,129.5288007,132.6504574,69.02095751,293.8501816,0.000982627,367.2667394,254.5408318,3.280556093,305.1287285,35.07201014,34.51332316,210.8594405,0.07883324,18.22336518,75.26830061,107.9963834,304.5143963,201.5428287,319.378062,23.38492877,1309.20887,510.0751193,0.162404102,148.3725572,458.802351,54.81165978,121.0251825,339.7438485,193.9808651,452.7987567,127.4280286,172.8089276,56.80226994,217.5540915,25.9055955,215.4547543,269.7393496,32.95788628,40.14817853,22.63884274,58.87967258,31.12595538,32.81298868,570.2100894,1.990376919,144.0708854,1589.197607,54.23253208,566.3301547,308.7501596,755.3738965,3471.909083,2303.370371,125.8070497,457.3252006,459.3604951,73.00046598,1131.359576,1058.138873,300.0036831,430.2391883,397.1718776,488.7657421,166.0120999,458.1529659,0.004275955,912.5578478,135.207193,510.1705898,6.014820679,1245.985929,280.6607493,595.0260443,572.6016218,24.82257716,12.26986714,653.1740755,52.47490836,307.5765218,430.5139646,10.13260218,287.6781976,239.8707953,9.450310135,82.33430805,2.332298261,384.338641,5418.248745,22.70066907,218.4494503,87.25925808,23.24500701,319.1618348,203.1875817,375.5828185,531.6280936,714.8514191,919.0368572,10.24974895,291.981105,106.9434212,21.21687798,83.57946121,172.875399,60.00330869,104.3018328,34.27407743,711.6658037,28.24178156
2048,22.51638281,514.9971308,1089.162952,1339.400731,1494.199623,2.077547263,484.0327721,323.9448756,140.6853556,125.3136414,211.2918485,50.8829564,568.6366437,298.1823289,605.513311,572.4843634,15.94423795,76.5837979,609.5070571,189.586136,469.992798,961.5791745,348.0822301,3.460269659,187.087158,1.906340079,148.5551933,1145.710929,350.3385612,107.4716829,21.51902213,124.0183846,43.85349402,124.0310649,571.7990921,138.6228242,416.6016439,369.8147031,440.6415327,387.3044719,259.4779762,878.6585708,210.9779445,84.60711144,71.83152076,287.5047267,1186.944767,18.29421744,120.6355428,88.70289984,1007.324814,1430.280225,332.9167309,103.2933451,161.2815694,155.7410682,221.8231964,107.5139161,278.7376841,460.1404891,314.5049138,580.5759178,774.3218459,629.9281675,194.0431846,236.6459264,661.8776413,889.3732262,587.8205881,21.32919258,556.7651087,131.2514504,133.8825483,69.9902305,298.0843777,0.000986308,370.6780053,258.208605,3.307689269,308.5775033,35.3977678,34.8338916,212.3099846,0.07979883,18.39499183,76.21706739,108.8556504,307.6732432,203.444435,322.3914729,23.65927883,1334.923865,520.0938258,0.163368068,149.7699164,465.8069586,55.32787101,121.6197662,342.4691107,196.9368299,459.6987011,127.9092617,175.4472286,57.01678423,218.6133672,25.97547644,216.6500698,270.8913993,33.38136337,40.25647918,22.69991154,59.09149482,31.37468387,33.07519831,581.4099446,2.012261039,145.9220587,1620.412038,54.53340723,572.9742933,312.372391,770.2106706,3540.103034,2348.612318,126.9940702,462.0692218,461.9347517,73.60424609,1153.581321,1078.922445,303.8584441,435.7673512,402.7494295,492.1578063,166.6339879,463.5279786,0.00432612,918.4467507,136.7137814,518.9801065,6.132961557,1270.290586,284.9375798,604.0933099,578.8462021,25.0991697,12.42015483,659.3369341,52.61646064,312.2635066,435.3110875,10.19274529,290.7490331,241.8011254,9.526360319,83.39222532,2.349602477,389.1832732,5418.248556,22.79762234,220.5105748,88.32805469,23.34372148,324.6730532,203.9549214,378.3694115,536.5659892,722.9311617,937.0882385,10.34046737,294.693099,108.4452458,21.51483019,84.24734732,173.5564318,60.07962139,105.3501705,34.42046112,715.6539795,28.34843687
2049,22.76692424,520.9968635,1101.851735,1362.430199,1519.890681,2.101750737,489.0691384,327.3155256,142.6457897,125.3429117,212.4513102,51.34022461,573.037268,303.9833212,617.2932782,576.9861159,16.06961607,76.94827919,617.9377149,190.2938914,475.4682288,972.7816019,351.9925856,3.500581881,189.2530674,1.928549,150.2209266,1158.557661,352.0419063,108.9692884,21.768148,125.9076315,44.21489527,124.5496714,578.8000982,139.2938045,418.8958141,374.0960505,444.7708568,388.9690437,265.0341825,897.4733014,211.9991475,85.30436754,72.40521265,291.105627,1201.810852,18.52334638,121.7660383,89.53414928,1024.644615,1454.872262,336.0020083,104.1445964,163.1605047,157.5554565,223.7846716,107.9129787,279.4958352,463.30345,316.66679,583.1559877,783.3427196,637.2668503,196.4645195,239.5433769,672.3494533,903.4443303,596.7752141,21.52814069,564.1607766,132.9949004,135.1232933,70.96553624,302.3763263,0.000989968,374.113232,261.9264048,3.334948284,312.0375494,35.72581359,35.15671171,213.7526102,0.080775873,18.56657158,77.17166144,109.7116409,310.8396648,205.3509462,325.4126563,23.93491016,1361.070911,530.2808616,0.16433548,151.1668958,472.9028773,55.84394189,122.2110811,345.2042853,199.9247253,466.6731793,128.3867675,178.1199222,57.22963701,219.6715282,26.04459288,217.8389346,272.0456305,33.80937762,40.363595,22.76031224,59.30261553,31.6261685,33.34031346,592.7979743,2.034343393,147.7930652,1652.150918,54.83265871,579.6494617,316.0115391,785.2967249,3609.442747,2394.614398,128.1841525,466.8246159,464.4785653,74.21082642,1176.176426,1100.055212,307.7545043,441.3547418,408.3616961,495.5408511,167.2524884,468.9280941,0.00437652,924.3015822,138.2350082,527.9033775,6.253087381,1295.003472,289.2606091,613.258521,585.1672689,25.37845,12.57222499,665.5156888,52.75646433,317.0011206,440.1548258,10.25310338,293.8380098,243.7418744,9.602820984,84.46147693,2.366976349,394.0576632,5418.248438,22.89475946,222.5770156,89.40952765,23.44132772,330.255436,204.7163178,381.1672218,541.5385686,731.0373105,955.4429103,10.43190312,297.4241421,109.9564177,21.81463685,84.92263423,174.235328,60.152798,106.4042156,34.56712199,719.5949913,28.45426609
2050,23.0199305,527.0213868,1114.592947,1385.746116,1545.901295,2.126054224,494.1284517,330.7015332,144.6186002,125.3724921,213.6082104,51.80144328,577.4319461,309.8808335,629.2692467,581.4618135,16.19426854,77.31634713,626.5003258,190.9948448,480.9662838,984.0303173,355.9200408,3.541060681,191.4246228,1.950849688,151.8912159,1171.439531,353.7309025,110.4763483,22.0179233,127.8197851,44.57904918,125.0624154,585.8906783,139.9631012,421.160746,378.3885587,448.9084832,390.6012695,270.7051175,916.6765331,213.0177882,86.00693436,72.98032813,294.7268615,1216.760886,18.75376921,122.8988067,90.36706999,1042.179847,1479.770184,339.1072137,105.0023313,165.0472037,159.3773418,225.7618926,108.3098825,280.2486243,466.4563111,318.8217629,585.7421943,792.4008672,644.6358563,198.9012592,242.4778987,682.9769112,917.7245778,605.8384127,21.72680463,571.6455751,134.759362,136.3720525,71.94699915,306.7258189,0.00099361,377.5706472,265.6940509,3.36241492,315.5070591,36.05597826,35.48161695,215.1833764,0.081765416,18.7379061,78.13164574,110.5626772,314.0126111,207.2612906,328.4399139,24.2116804,1387.650807,540.636538,0.165306289,152.5618797,480.0848322,56.35927564,122.7974149,347.9462471,202.9432411,473.7191331,128.8596841,180.8250215,57.44044415,220.7270342,26.11377952,219.0251731,273.2020886,34.24193784,40.47081961,22.82077429,59.51224159,31.87883249,33.60667189,604.3745264,2.05665943,149.6839435,1684.415217,55.13124907,586.3522116,319.665724,800.6325203,3679.930339,2441.378016,129.3766275,471.589807,466.989959,74.82202683,1199.145579,1121.53782,311.6919442,447.0014757,414.0093932,498.9130932,167.8676428,474.3505225,0.004427128,930.1671106,139.7711998,536.9376397,6.375201819,1320.127544,293.6279415,622.5176586,591.5568205,25.66047784,12.72624081,671.7068662,52.8966102,321.7872865,445.0462166,10.31367342,296.9421041,245.6929667,9.679689147,85.54208496,2.384415322,398.9595788,5418.248364,22.99208416,224.6476111,90.50483743,23.53783058,335.9072547,205.4703967,383.9755155,546.5432664,739.1656305,974.1014333,10.52407287,300.1728253,111.4771297,22.11633621,85.60108795,174.9063756,60.22689459,107.4641048,34.71406582,723.4857766,28.55907823
