r,y,t,lb,i_NrgDemand
ni,2012,q1,b1l,5.70811855
ni,2012,q1,b1w,16.87154513
ni,2012,q1,b2l,65.91416618
ni,2012,q1,b2w,191.3167607
ni,2012,q1,b3l,206.3475358
ni,2012,q1,b3w,589.4887236
ni,2012,q1,b4,2783.105439
ni,2012,q1,b5,1201.646964
ni,2012,q1,b6,373.7296177
ni,2012,q2,b1l,8.312391233
ni,2012,q2,b1w,24.35407748
ni,2012,q2,b2l,91.55079624
ni,2012,q2,b2w,231.5921882
ni,2012,q2,b3l,236.1215912
ni,2012,q2,b3w,671.9059659
ni,2012,q2,b4,3190.0814
ni,2012,q2,b5,1309.432332
ni,2012,q2,b6,402.8143223
ni,2012,q3,b1l,8.152640599
ni,2012,q3,b1w,23.80864456
ni,2012,q3,b2l,90.70266444
ni,2012,q3,b2w,235.2804352
ni,2012,q3,b3l,249.344579
ni,2012,q3,b3w,707.6837295
ni,2012,q3,b4,3448.413583
ni,2012,q3,b5,1393.322202
ni,2012,q3,b6,431.5889122
ni,2012,q4,b1l,5.907196303
ni,2012,q4,b1w,17.44882657
ni,2012,q4,b2l,67.80438688
ni,2012,q4,b2w,194.7494727
ni,2012,q4,b3l,209.3708588
ni,2012,q4,b3w,600.0941522
ni,2012,q4,b4,2974.724583
ni,2012,q4,b5,1230.470958
ni,2012,q4,b6,383.5502675
ni,2013,q1,b1l,5.868491612
ni,2013,q1,b1w,17.34553344
ni,2013,q1,b2l,67.76608644
ni,2013,q1,b2w,196.6938894
ni,2013,q1,b3l,212.1454221
ni,2013,q1,b3w,606.0284938
ni,2013,q1,b4,2861.105274
ni,2013,q1,b5,1235.220791
ni,2013,q1,b6,384.1654813
ni,2013,q2,b1l,8.536201079
ni,2013,q2,b1w,25.01071087
ni,2013,q2,b2l,94.03114147
ni,2013,q2,b2w,238.0272905
ni,2013,q2,b3l,242.74587
ni,2013,q2,b3w,690.7504729
ni,2013,q2,b4,3279.46547
ni,2013,q2,b5,1345.994798
ni,2013,q2,b6,414.0564286
ni,2013,q3,b1l,8.376813592
ni,2013,q3,b1w,24.46409564
ni,2013,q3,b2l,93.20302202
ni,2013,q3,b2w,241.8931015
ni,2013,q3,b3l,256.3542378
ni,2013,q3,b3w,727.5768333
ni,2013,q3,b4,3545.349019
ni,2013,q3,b5,1432.42834
ni,2013,q3,b6,443.6971993
ni,2013,q4,b1l,6.073100771
ni,2013,q4,b1w,17.93886021
ni,2013,q4,b2l,69.70905204
ni,2013,q4,b2w,200.2176315
ni,2013,q4,b3l,215.2535083
ni,2013,q4,b3w,616.9496971
ni,2013,q4,b4,3058.232719
ni,2013,q4,b5,1264.913308
ni,2013,q4,b6,394.2801033
ni,2014,q1,b1l,6.015959678
ni,2014,q1,b1w,17.78143252
ni,2014,q1,b2l,69.46978765
ni,2014,q1,b2w,201.642568
ni,2014,q1,b3l,217.4827106
ni,2014,q1,b3w,621.2624043
ni,2014,q1,b4,2932.952547
ni,2014,q1,b5,1266.094408
ni,2014,q1,b6,393.7794802
ni,2014,q2,b1l,8.746847071
ni,2014,q2,b1w,25.62837192
ni,2014,q2,b2l,96.35835427
ni,2014,q2,b2w,243.9854533
ni,2014,q2,b3l,248.8488792
ni,2014,q2,b3w,708.1175099
ni,2014,q2,b4,3361.865296
ni,2014,q2,b5,1379.687882
ni,2014,q2,b6,424.4354619
ni,2014,q3,b1l,8.585932027
ni,2014,q3,b1w,25.07530437
ni,2014,q3,b2l,95.5326809
ni,2014,q3,b2w,247.9913516
ni,2014,q3,b3l,262.8169957
ni,2014,q3,b3w,745.9218603
ni,2014,q3,b4,3634.774977
ni,2014,q3,b5,1468.48293
ni,2014,q3,b6,454.87515
ni,2014,q4,b1l,6.225689346
ni,2014,q4,b1w,18.38957928
ni,2014,q4,b2l,71.46134849
ni,2014,q4,b2w,205.2497831
ni,2014,q4,b3l,220.6693251
ni,2014,q4,b3w,632.4734279
ni,2014,q4,b4,3135.144958
ni,2014,q4,b5,1296.587692
ni,2014,q4,b6,404.1649924
ni,2015,q1,b1l,6.157187
ni,2015,q1,b1w,18.19890244
ni,2015,q1,b2l,71.1018607
ni,2015,q1,b2w,206.3843938
ni,2015,q1,b3l,222.5982208
ni,2015,q1,b3w,635.8718093
ni,2015,q1,b4,3001.820655
ni,2015,q1,b5,1295.640275
ni,2015,q1,b6,402.9914222
ni,2015,q2,b1l,8.950023169
ni,2015,q2,b1w,26.22407202
ni,2015,q2,b2l,98.60146882
ni,2015,q2,b2w,249.7068295
ni,2015,q2,b3l,254.7013903
ni,2015,q2,b3w,724.7759489
ni,2015,q2,b4,3440.900426
ni,2015,q2,b5,1411.985578
ni,2015,q2,b6,434.39989
ni,2015,q3,b1l,8.787174241
ni,2015,q3,b1w,25.66345043
ni,2015,q3,b2l,97.7740201
ni,2015,q3,b2w,253.8410422
ni,2015,q3,b3l,269.0158554
ni,2015,q3,b3w,763.5209442
ni,2015,q3,b4,3720.568757
ni,2015,q3,b5,1503.037687
ni,2015,q3,b6,465.5998228
ni,2015,q4,b1l,6.371805342
ni,2015,q4,b1w,18.82120168
ni,2015,q4,b2l,73.13986607
ni,2015,q4,b2w,210.0722563
ni,2015,q4,b3l,225.8611539
ni,2015,q4,b3w,647.3609392
ni,2015,q4,b4,3208.867619
ni,2015,q4,b5,1326.903896
ni,2015,q4,b6,413.6376939
ni,2016,q1,b1l,6.29961499
ni,2016,q1,b1w,18.61992796
ni,2016,q1,b2l,72.74819013
ni,2016,q1,b2w,211.1686485
ni,2016,q1,b3l,227.7609671
ni,2016,q1,b3w,650.6258172
ni,2016,q1,b4,3071.328673
ni,2016,q1,b5,1325.450828
ni,2016,q1,b6,412.2876914
ni,2016,q2,b1l,9.156367648
ni,2016,q2,b1w,26.82899186
ni,2016,q2,b2l,100.8778823
ni,2016,q2,b2w,255.4896941
ni,2016,q2,b3l,260.6081081
ni,2016,q2,b3w,741.593359
ni,2016,q2,b4,3520.685624
ni,2016,q2,b5,1444.590716
ni,2016,q2,b6,444.4608657
ni,2016,q3,b1l,8.990955724
ni,2016,q3,b1w,26.25896166
ni,2016,q3,b2l,100.043196
ni,2016,q3,b2w,259.7449917
ni,2016,q3,b3l,275.2718504
ni,2016,q3,b3w,781.2851058
ni,2016,q3,b4,3807.171396
ni,2016,q3,b5,1537.908631
ni,2016,q3,b6,476.4225989
ni,2016,q4,b1l,6.519158863
ni,2016,q4,b1w,19.25648303
ni,2016,q4,b2l,74.83310738
ni,2016,q4,b2w,214.9402273
ni,2016,q4,b3l,231.1034182
ni,2016,q4,b3w,662.3998689
ni,2016,q4,b4,3283.293593
ni,2016,q4,b5,1357.496369
ni,2016,q4,b6,423.1972468
ni,2017,q1,b1l,6.429571301
ni,2017,q1,b1w,19.0041047
ni,2017,q1,b2l,74.25102087
ni,2017,q1,b2w,215.5377621
ni,2017,q1,b3l,232.4778795
ni,2017,q1,b3w,664.1203713
ni,2017,q1,b4,3134.856844
ni,2017,q1,b5,1352.633079
ni,2017,q1,b6,420.7821007
ni,2017,q2,b1l,9.346868554
ni,2017,q2,b1w,27.38737675
ni,2017,q2,b2l,102.9771194
ni,2017,q2,b2w,260.7892789
ni,2017,q2,b3l,266.0089091
ni,2017,q2,b3w,756.9772658
ni,2017,q2,b4,3593.668664
ni,2017,q2,b5,1474.393657
ni,2017,q2,b6,453.6800707
ni,2017,q3,b1l,9.178373788
ni,2017,q3,b1w,26.80659029
ni,2017,q3,b2l,102.1293903
ni,2017,q3,b2w,265.1461193
ni,2017,q3,b3l,280.9944578
ni,2017,q3,b3w,797.5400973
ni,2017,q3,b4,3886.427159
ni,2017,q3,b5,1569.774364
ni,2017,q3,b6,486.3309185
ni,2017,q4,b1l,6.653597655
ni,2017,q4,b1w,19.65363192
ni,2017,q4,b2l,76.37876694
ni,2017,q4,b2w,219.3878655
ni,2017,q4,b3l,235.8958194
ni,2017,q4,b3w,676.1583
ni,2017,q4,b4,3351.329325
ni,2017,q4,b5,1385.401686
ni,2017,q4,b6,431.934838
ni,2018,q1,b1l,6.571873326
ni,2018,q1,b1w,19.42477843
ni,2018,q1,b2l,75.89673287
ni,2018,q1,b2w,220.3222573
ni,2018,q1,b3l,237.6439794
ni,2018,q1,b3w,678.906289
ni,2018,q1,b4,3204.426855
ni,2018,q1,b5,1382.396859
ni,2018,q1,b6,430.0792085
ni,2018,q2,b1l,9.557615522
ni,2018,q2,b1w,28.00494063
ni,2018,q2,b2l,105.2962095
ni,2018,q2,b2w,266.6082956
ni,2018,q2,b3l,271.9249393
ni,2018,q2,b3w,773.8306905
ni,2018,q2,b4,3673.604477
ni,2018,q2,b5,1507.031707
ni,2018,q2,b6,463.7718139
ni,2018,q3,b1l,9.384732202
ni,2018,q3,b1w,27.40941608
ni,2018,q3,b2l,104.4251134
ni,2018,q3,b2w,271.0614564
ni,2018,q3,b3l,287.2609564
ni,2018,q3,b3w,815.3407742
ni,2018,q3,b4,3973.202969
ni,2018,q3,b5,1604.65062
ni,2018,q3,b6,497.1709626
ni,2018,q4,b1l,6.800810603
ni,2018,q4,b1w,20.08852006
ni,2018,q4,b2l,78.0714793
ni,2018,q4,b2w,224.2605268
ni,2018,q4,b3l,241.1463756
ni,2018,q4,b3w,691.2356908
ni,2018,q4,b4,3425.845084
ni,2018,q4,b5,1415.956744
ni,2018,q4,b6,441.4972034
ni,2019,q1,b1l,6.711830565
ni,2019,q1,b1w,19.83851183
ni,2019,q1,b2l,77.51544598
ni,2019,q1,b2w,225.0288547
ni,2019,q1,b3l,242.7268184
ni,2019,q1,b3w,693.4580742
ni,2019,q1,b4,3272.856592
ni,2019,q1,b5,1411.678095
ni,2019,q1,b6,439.2212451
ni,2019,q2,b1l,9.766431472
ni,2019,q2,b1w,28.61674417
ni,2019,q2,b2l,107.5918598
ni,2019,q2,b2w,272.3412443
ni,2019,q2,b3l,277.7427931
ni,2019,q2,b3w,790.4069571
ni,2019,q2,b4,3752.215071
ni,2019,q2,b5,1539.132505
ni,2019,q2,b6,473.6935978
ni,2019,q3,b1l,9.588436042
ni,2019,q3,b1w,28.00438737
ni,2019,q3,b2l,106.6904278
ni,2019,q3,b2w,276.8765339
ni,2019,q3,b3l,293.4207382
ni,2019,q3,b3w,832.8399939
ni,2019,q3,b4,4058.505316
ni,2019,q3,b5,1638.930618
ni,2019,q3,b6,507.8219938
ni,2019,q4,b1l,6.945576651
ni,2019,q4,b1w,20.51617884
ni,2019,q4,b2l,79.7364256
ni,2019,q4,b2w,229.0553613
ni,2019,q4,b3l,246.3136799
ni,2019,q4,b3w,706.0772186
ni,2019,q4,b4,3499.158379
ni,2019,q4,b5,1446.019959
ni,2019,q4,b6,450.9009922
ni,2020,q1,b1l,6.852299411
ni,2020,q1,b1w,20.25376482
ni,2020,q1,b2l,79.14025224
ni,2020,q1,b2w,229.7535212
ni,2020,q1,b3l,247.8293617
ni,2020,q1,b3w,708.063781
ni,2020,q1,b4,3341.500692
ni,2020,q1,b5,1441.062666
ni,2020,q1,b6,448.3869951
ni,2020,q2,b1l,9.975479839
ni,2020,q2,b1w,29.22929939
ni,2020,q2,b2l,109.8911178
ni,2020,q2,b2w,278.0904565
ni,2020,q2,b3l,283.5802551
ni,2020,q2,b3w,807.0395075
ni,2020,q2,b4,3831.071211
ni,2020,q2,b5,1571.332702
ni,2020,q2,b6,483.6357022
ni,2020,q3,b1l,9.792504712
ni,2020,q3,b1w,28.60044379
ni,2020,q3,b2l,108.9600816
ni,2020,q3,b2w,282.7081939
ni,2020,q3,b3l,299.5981787
ni,2020,q3,b3w,850.3889364
ni,2020,q3,b4,4144.029255
ni,2020,q3,b5,1673.296443
ni,2020,q3,b6,518.4904424
ni,2020,q4,b1l,7.090861003
ni,2020,q4,b1w,20.9453843
ni,2020,q4,b2l,81.40754363
ni,2020,q4,b2w,233.8682842
ni,2020,q4,b3l,251.5002807
ni,2020,q4,b3w,720.973057
ni,2020,q4,b4,3572.710742
ni,2020,q4,b5,1476.188337
ni,2020,q4,b6,460.3286979
ni,2021,q1,b1l,6.994171654
ni,2021,q1,b1w,20.67316639
ni,2021,q1,b2l,80.781267
ni,2021,q1,b2w,234.5251252
ni,2021,q1,b3l,252.981977
ni,2021,q1,b3w,722.8072516
ni,2021,q1,b4,3410.782435
ni,2021,q1,b5,1470.714966
ni,2021,q1,b6,457.6300183
ni,2021,q2,b1l,10.18590992
ni,2021,q2,b1w,29.84595162
ni,2021,q2,b2l,112.2066462
ni,2021,q2,b2w,283.8921297
ni,2021,q2,b3l,289.4754871
ni,2021,q2,b3w,823.8346512
ni,2021,q2,b4,3910.683022
ni,2021,q2,b5,1603.833154
ni,2021,q2,b6,493.6647036
ni,2021,q3,b1l,9.998247258
ni,2021,q3,b1w,29.20138266
ni,2021,q3,b2l,111.2483649
ni,2021,q3,b2w,288.5967144
ni,2021,q3,b3l,305.8358179
ni,2021,q3,b3w,868.1071661
ni,2021,q3,b4,4230.357281
ni,2021,q3,b5,1707.974609
ni,2021,q3,b6,529.2513074
ni,2021,q4,b1l,7.237628105
ni,2021,q4,b1w,21.37895508
ni,2021,q4,b2l,83.09546114
ni,2021,q4,b2w,238.7282637
ni,2021,q4,b3l,256.7366636
ni,2021,q4,b3w,736.0080009
ni,2021,q4,b4,3646.946573
ni,2021,q4,b5,1506.631634
ni,2021,q4,b6,469.8368996
ni,2022,q1,b1l,7.133144749
ni,2022,q1,b1w,21.08402133
ni,2022,q1,b2l,82.38886057
ni,2022,q1,b2w,239.1996289
ni,2022,q1,b3l,258.0291472
ni,2022,q1,b3w,737.2426942
ni,2022,q1,b4,3478.630102
ni,2022,q1,b5,1499.746668
ni,2022,q1,b6,466.684009
ni,2022,q2,b1l,10.39073231
ni,2022,q2,b1w,30.44627626
ni,2022,q2,b2l,114.4624966
ni,2022,q2,b2w,289.5661007
ni,2022,q2,b3l,295.249608
ni,2022,q2,b3w,840.2829666
ni,2022,q2,b4,3988.655484
ni,2022,q2,b5,1635.666834
ni,2022,q2,b6,503.4913725
ni,2022,q3,b1l,10.19912298
ni,2022,q3,b1w,29.78819344
ni,2022,q3,b2l,113.4831733
ni,2022,q3,b2w,294.364781
ni,2022,q3,b3l,311.9462969
ni,2022,q3,b3w,885.463358
ni,2022,q3,b4,4314.923739
ni,2022,q3,b5,1741.946962
ni,2022,q3,b6,539.798237
ni,2022,q4,b1l,7.381397423
ni,2022,q4,b1w,21.80368785
ni,2022,q4,b2l,84.74884305
ni,2022,q4,b2w,243.4870417
ni,2022,q4,b3l,261.863883
ni,2022,q4,b3w,750.726249
ni,2022,q4,b4,3719.644761
ni,2022,q4,b5,1536.444967
ni,2022,q4,b6,479.1536469
ni,2023,q1,b1l,7.270099774
ni,2023,q1,b1w,21.48891824
ni,2023,q1,b2l,83.97312827
ni,2023,q1,b2w,243.806266
ni,2023,q1,b3l,263.002459
ni,2023,q1,b3w,751.4601996
ni,2023,q1,b4,3545.447187
ni,2023,q1,b5,1528.329153
ni,2023,q1,b6,475.5934999
ni,2023,q2,b1l,10.59167342
ni,2023,q2,b1w,31.03529776
ni,2023,q2,b2l,116.676977
ni,2023,q2,b2w,295.151112
ni,2023,q2,b3l,300.9391048
ni,2023,q2,b3w,856.48822
ni,2023,q2,b4,4065.459857
ni,2023,q2,b5,1667.007747
ni,2023,q2,b6,513.1600563
ni,2023,q3,b1l,10.39659674
ni,2023,q3,b1w,30.36510665
ni,2023,q3,b2l,115.6804754
ni,2023,q3,b2w,300.0477422
ni,2023,q3,b3l,317.9667027
ni,2023,q3,b3w,902.5618435
ni,2023,q3,b4,4398.216381
ni,2023,q3,b5,1775.39549
ni,2023,q3,b6,550.1771763
ni,2023,q4,b1l,7.523085764
ni,2023,q4,b1w,22.22227426
ni,2023,q4,b2l,86.37813259
ni,2023,q4,b2w,248.1749199
ni,2023,q4,b3l,266.9140527
ni,2023,q4,b3w,765.2193132
ni,2023,q4,b4,3791.233172
ni,2023,q4,b5,1565.794898
ni,2023,q4,b6,488.3216604
ni,2024,q1,b1l,7.405539255
ni,2024,q1,b1w,21.88933798
ni,2024,q1,b2l,85.53990093
ni,2024,q1,b2w,248.3623337
ni,2024,q1,b3l,267.9208318
ni,2024,q1,b3w,765.5162606
ni,2024,q1,b4,3611.516654
ni,2024,q1,b5,1556.595147
ni,2024,q1,b6,484.4064155
ni,2024,q2,b1l,10.78872567
ni,2024,q2,b1w,31.61306501
ni,2024,q2,b2l,118.8513408
ni,2024,q2,b2w,300.6627099
ni,2024,q2,b3l,306.5648726
ni,2024,q2,b3w,872.5110143
ni,2024,q2,b4,4141.407714
ni,2024,q2,b5,1698.008672
ni,2024,q2,b6,522.7261516
ni,2024,q3,b1l,10.59102681
ni,2024,q3,b1w,30.93323582
ni,2024,q3,b2l,117.8449059
ni,2024,q3,b2w,305.667601
ni,2024,q3,b3l,323.9209289
ni,2024,q3,b3w,919.4721479
ni,2024,q3,b4,4480.600493
ni,2024,q3,b5,1808.489316
ni,2024,q3,b6,560.4498262
ni,2024,q4,b1l,7.663216982
ni,2024,q4,b1w,22.63625754
ni,2024,q4,b2l,87.98948936
ni,2024,q4,b2w,252.8103342
ni,2024,q4,b3l,271.9078766
ni,2024,q4,b3w,779.5487406
ni,2024,q4,b4,3862.034271
ni,2024,q4,b5,1594.830083
ni,2024,q4,b6,497.3939654
ni,2025,q1,b1l,7.542412798
ni,2025,q1,b1w,22.29401425
ni,2025,q1,b2l,87.12331878
ni,2025,q1,b2w,252.9665871
ni,2025,q1,b3l,272.8906631
ni,2025,q1,b3w,779.715095
ni,2025,q1,b4,3678.262379
ni,2025,q1,b5,1585.135941
ni,2025,q1,b6,493.3058952
ni,2025,q2,b1l,10.98691004
ni,2025,q2,b1w,32.19422505
ni,2025,q2,b2l,121.0396467
ni,2025,q2,b2w,306.2260866
ni,2025,q2,b3l,312.2499808
ni,2025,q2,b3w,888.7014792
ni,2025,q2,b4,4218.147563
ni,2025,q2,b5,1729.319111
ni,2025,q2,b6,532.3886692
ni,2025,q3,b1l,10.78702634
ni,2025,q3,b1w,31.50600031
ni,2025,q3,b2l,120.0272358
ni,2025,q3,b2w,311.3467825
ni,2025,q3,b3l,329.9382252
ni,2025,q3,b3w,936.5605151
ni,2025,q3,b4,4563.846082
ni,2025,q3,b5,1841.916727
ni,2025,q3,b6,570.8266556
ni,2025,q4,b1l,7.804830054
ni,2025,q4,b1w,23.05462689
ni,2025,q4,b2l,89.61772603
ni,2025,q4,b2w,257.4928026
ni,2025,q4,b3l,276.9518987
ni,2025,q4,b3w,794.0192648
ni,2025,q4,b4,3933.540299
ni,2025,q4,b5,1624.141707
ni,2025,q4,b6,506.5541251
ni,2026,q1,b1l,7.679521113
ni,2026,q1,b1w,22.69939031
ni,2026,q1,b2l,88.70951934
ni,2026,q1,b2w,257.5791867
ni,2026,q1,b3l,277.8693009
ni,2026,q1,b3w,793.9360766
ni,2026,q1,b4,3745.110085
ni,2026,q1,b5,1613.715249
ni,2026,q1,b6,502.2165188
ni,2026,q2,b1l,11.18518309
ni,2026,q2,b1w,32.77566759
ni,2026,q2,b2l,123.2293693
ni,2026,q2,b2w,311.7975417
ni,2026,q2,b3l,317.9450082
ni,2026,q2,b3w,904.9193464
ni,2026,q2,b4,4295.011646
ni,2026,q2,b5,1760.675431
ni,2026,q2,b6,542.0640989
ni,2026,q3,b1l,10.98327636
ni,2026,q3,b1w,32.0795102
ni,2026,q3,b2l,122.2124213
ni,2026,q3,b2w,317.0367173
ni,2026,q3,b3l,335.9668962
ni,2026,q3,b3w,953.6804747
ni,2026,q3,b4,4647.240697
ni,2026,q3,b5,1875.400644
ni,2026,q3,b6,581.2199466
ni,2026,q4,b1l,7.946708982
ni,2026,q4,b1w,23.47378452
ni,2026,q4,b2l,91.2490221
ni,2026,q4,b2w,262.1834336
ni,2026,q4,b3l,282.0045903
ni,2026,q4,b3w,808.512877
ni,2026,q4,b4,4005.162735
ni,2026,q4,b5,1653.497475
ni,2026,q4,b6,515.7272695
ni,2027,q1,b1l,7.812257151
ni,2027,q1,b1w,23.09185031
ni,2027,q1,b2l,90.24525888
ni,2027,q1,b2w,262.0453934
ni,2027,q1,b3l,282.6899664
ni,2027,q1,b3w,807.7055073
ni,2027,q1,b4,3809.857516
ni,2027,q1,b5,1641.382894
ni,2027,q1,b6,510.8543595
ni,2027,q2,b1l,11.37692666
ni,2027,q2,b1w,33.33799818
ni,2027,q2,b2l,125.3474249
ni,2027,q2,b2w,317.1914612
ni,2027,q2,b3l,323.4605492
ni,2027,q2,b3w,920.6263212
ni,2027,q2,b4,4369.472194
ni,2027,q2,b5,1791.054003
ni,2027,q2,b6,551.4504617
ni,2027,q3,b1l,11.17324765
ni,2027,q3,b1w,32.6347176
ni,2027,q3,b2l,124.3279105
ni,2027,q3,b2w,322.5488304
ni,2027,q3,b3l,341.8073023
ni,2027,q3,b3w,970.266768
ni,2027,q3,b4,4728.05603
ni,2027,q3,b5,1907.852187
ni,2027,q3,b6,591.3042468
ni,2027,q4,b1l,8.084055597
ni,2027,q4,b1w,23.87955323
ni,2027,q4,b2l,92.82817429
ni,2027,q4,b2w,266.7236167
ni,2027,q4,b3l,286.8958459
ni,2027,q4,b3w,822.5438146
ni,2027,q4,b4,4074.524853
ni,2027,q4,b5,1681.919384
ni,2027,q4,b6,524.6213142
ni,2028,q1,b1l,7.940066408
ni,2028,q1,b1w,23.46974704
ni,2028,q1,b2l,91.7241559
ni,2028,q1,b2w,266.3466836
ni,2028,q1,b3l,287.3326335
ni,2028,q1,b3w,820.9633284
ni,2028,q1,b4,3872.157609
ni,2028,q1,b5,1668.004938
ni,2028,q1,b6,519.154715
ni,2028,q2,b1l,11.56062682
ni,2028,q2,b1w,33.87683462
ni,2028,q2,b2l,127.3782925
ni,2028,q2,b2w,322.3776051
ni,2028,q2,b3l,328.7693995
ni,2028,q2,b3w,935.7450916
ni,2028,q2,b4,4441.120195
ni,2028,q2,b5,1820.27281
ni,2028,q2,b6,560.4662902
ni,2028,q3,b1l,11.35563338
ni,2028,q3,b1w,33.16779582
ni,2028,q3,b2l,126.3594093
ni,2028,q3,b2w,327.8531031
ni,2028,q3,b3l,347.4276538
ni,2028,q3,b3w,986.2277666
ni,2028,q3,b4,4805.805871
ni,2028,q3,b5,1939.061921
ni,2028,q3,b6,600.9917204
ni,2028,q4,b1l,8.21629785
ni,2028,q4,b1w,24.27024598
ni,2028,q4,b2l,94.34883228
ni,2028,q4,b2w,271.0958758
ni,2028,q4,b3l,291.6062373
ni,2028,q4,b3w,836.0548919
ni,2028,q4,b4,4141.283849
ni,2028,q4,b5,1709.268991
ni,2028,q4,b6,533.167609
ni,2029,q1,b1l,8.07303862
ni,2029,q1,b1w,23.8629104
ni,2029,q1,b2l,93.26272898
ni,2029,q1,b2w,270.8213893
ni,2029,q1,b3l,292.1622988
ni,2029,q1,b3w,834.7548581
ni,2029,q1,b4,3936.985368
ni,2029,q1,b5,1695.697446
ni,2029,q1,b6,527.7953851
ni,2029,q2,b1l,11.75182934
ni,2029,q2,b1w,34.43767078
ni,2029,q2,b2l,129.4919264
ni,2029,q2,b2w,327.7744665
ni,2029,q2,b3l,334.2936113
ni,2029,q2,b3w,951.4765916
ni,2029,q2,b4,4515.679767
ni,2029,q2,b5,1850.676411
ni,2029,q2,b6,569.8550032
ni,2029,q3,b1l,11.54547351
ni,2029,q3,b1w,33.72266708
ni,2029,q3,b2l,128.4738453
ni,2029,q3,b2w,333.373296
ni,2029,q3,b3l,353.2767696
ni,2029,q3,b3w,1002.83846
ni,2029,q3,b4,4886.726198
ni,2029,q3,b5,1971.539946
ni,2029,q3,b6,611.0795066
ni,2029,q4,b1l,8.353878627
ni,2029,q4,b1w,24.67671384
ni,2029,q4,b2l,95.93079
ni,2029,q4,b2w,275.6437388
ni,2029,q4,b3l,296.5057828
ni,2029,q4,b3w,850.1079597
ni,2029,q4,b4,4210.738528
ni,2029,q4,b5,1737.7164
ni,2029,q4,b6,542.0639516
ni,2030,q1,b1l,8.205938736
ni,2030,q1,b1w,24.25586753
ni,2030,q1,b2l,94.80058774
ni,2030,q1,b2w,275.2943618
ni,2030,q1,b3l,296.9901658
ni,2030,q1,b3w,848.5402015
ni,2030,q1,b4,4001.770527
ni,2030,q1,b5,1723.369402
ni,2030,q1,b6,536.4263963
ni,2030,q2,b1l,11.94279143
ni,2030,q2,b1w,34.99781619
ni,2030,q2,b2l,131.6032274
ni,2030,q2,b2w,333.1680707
ni,2030,q2,b3l,339.8155635
ni,2030,q2,b3w,967.2016674
ni,2030,q2,b4,4590.20083
ni,2030,q2,b5,1881.061636
ni,2030,q2,b6,579.2346803
ni,2030,q3,b1l,11.73517847
ni,2030,q3,b1w,34.27716036
ni,2030,q3,b2l,130.5869317
ni,2030,q3,b2w,338.8921349
ni,2030,q3,b3l,359.1244181
ni,2030,q3,b3w,1019.444587
ni,2030,q3,b4,4967.619609
ni,2030,q3,b5,2004.007483
ni,2030,q3,b6,621.1607446
ni,2030,q4,b1l,8.491395351
ni,2030,q4,b1w,25.08299993
ni,2030,q4,b2l,97.51212519
ni,2030,q4,b2w,280.1899357
ni,2030,q4,b3l,301.4037225
ni,2030,q4,b3w,864.1563435
ni,2030,q4,b4,4280.160658
ni,2030,q4,b5,1766.148867
ni,2030,q4,b6,550.9527958
ni,2031,q1,b1l,8.340007471
ni,2031,q1,b1w,24.65226923
ni,2031,q1,b2l,96.35193228
ni,2031,q1,b2w,279.8065845
ni,2031,q1,b3l,301.8604124
ni,2031,q1,b3w,862.4445978
ni,2031,q1,b4,4067.094763
ni,2031,q1,b5,1751.280527
ni,2031,q1,b6,545.1274535
ni,2031,q2,b1l,12.13517609
ni,2031,q2,b1w,35.56217278
ni,2031,q2,b2l,133.7307069
ni,2031,q2,b2w,338.6057194
ni,2031,q2,b3l,345.3837121
ni,2031,q2,b3w,983.0582249
ni,2031,q2,b4,4665.334873
ni,2031,q2,b5,1911.69799
ni,2031,q2,b6,588.6862938
ni,2031,q3,b1l,11.92631269
ni,2031,q3,b1w,34.83582803
ni,2031,q3,b2l,132.7159588
ni,2031,q3,b2w,344.4545024
ni,2031,q3,b3l,365.0181821
ni,2031,q3,b3w,1036.181458
ni,2031,q3,b4,5049.138774
ni,2031,q3,b5,2036.723003
ni,2031,q3,b6,631.3144099
ni,2031,q4,b1l,8.630107166
ni,2031,q4,b1w,25.49281091
ni,2031,q4,b2l,99.10723783
ni,2031,q4,b2w,284.7758992
ni,2031,q4,b3l,306.3442545
ni,2031,q4,b3w,878.3258766
ni,2031,q4,b4,4350.167033
ni,2031,q4,b5,1794.827279
ni,2031,q4,b6,559.9138324
ni,2032,q1,b1l,8.472149691
ni,2032,q1,b1w,25.04298355
ni,2032,q1,b2l,97.88112691
ni,2032,q1,b2w,284.2547161
ni,2032,q1,b3l,306.6614843
ni,2032,q1,b3w,876.1489857
ni,2032,q1,b4,4131.44833
ni,2032,q1,b5,1778.782695
ni,2032,q1,b6,553.6949722
ni,2032,q2,b1l,12.32407114
ni,2032,q2,b1w,36.11636123
ni,2032,q2,b2l,135.8208844
ni,2032,q2,b2w,343.9585377
ni,2032,q2,b3l,350.869182
ni,2032,q2,b3w,998.6794061
ni,2032,q2,b4,4739.336787
ni,2032,q2,b5,1941.874648
ni,2032,q2,b6,597.9897923
ni,2032,q3,b1l,12.1142609
ni,2032,q3,b1w,35.38520882
ni,2032,q3,b2l,134.8098428
ni,2032,q3,b2w,349.933214
ni,2032,q3,b3l,370.8234422
ni,2032,q3,b3w,1052.666525
ni,2032,q3,b4,5129.415229
ni,2032,q3,b5,2068.937979
ni,2032,q3,b6,641.3074955
ni,2032,q4,b1l,8.766837802
ni,2032,q4,b1w,25.89677245
ni,2032,q4,b2l,100.6796851
ni,2032,q4,b2w,289.2968209
ni,2032,q4,b3l,311.2146152
ni,2032,q4,b3w,892.2930801
ni,2032,q4,b4,4419.150697
ni,2032,q4,b5,1823.090199
ni,2032,q4,b6,568.7393065
ni,2033,q1,b1l,8.609171805
ni,2033,q1,b1w,25.44813146
ni,2033,q1,b2l,99.46679556
ni,2033,q1,b2w,288.8670132
ni,2033,q1,b3l,311.6396537
ni,2033,q1,b3w,890.3594048
ni,2033,q1,b4,4198.193135
ni,2033,q1,b5,1807.298259
ni,2033,q1,b6,562.5831768
ni,2033,q2,b1l,12.52003169
ni,2033,q2,b1w,36.69126509
ni,2033,q2,b2l,137.9890656
ni,2033,q2,b2w,349.5105612
ni,2033,q2,b3l,356.558537
ni,2033,q2,b3w,1014.880965
ni,2033,q2,b4,4816.095905
ni,2033,q2,b5,1973.174924
ni,2033,q2,b6,607.6451163
ni,2033,q3,b1l,12.30925105
ni,2033,q3,b1w,35.95517309
ni,2033,q3,b2l,136.9821244
ni,2033,q3,b2w,355.6166444
ni,2033,q3,b3l,376.8456335
ni,2033,q3,b3w,1069.767799
ni,2033,q3,b4,5212.699105
ni,2033,q3,b5,2102.358329
ni,2033,q3,b6,651.679619
ni,2033,q4,b1l,8.908622551
ni,2033,q4,b1w,26.31566579
ni,2033,q4,b2l,102.310183
ni,2033,q4,b2w,293.9843167
ni,2033,q4,b3l,316.2644885
ni,2033,q4,b3w,906.7752143
ni,2033,q4,b4,4490.690789
ni,2033,q4,b5,1852.394992
ni,2033,q4,b6,577.8954074
ni,2034,q1,b1l,8.745448194
ni,2034,q1,b1w,25.85107163
ni,2034,q1,b2l,101.043887
ni,2034,q1,b2w,293.4546035
ni,2034,q1,b3l,316.5912804
ni,2034,q1,b3w,904.493297
ni,2034,q1,b4,4264.558821
ni,2034,q1,b5,1835.658155
ni,2034,q1,b6,571.4188957
ni,2034,q2,b1l,12.71450342
ni,2034,q2,b1w,37.26184934
ni,2034,q2,b2l,140.1415375
ni,2034,q2,b2w,355.0282681
ni,2034,q2,b3l,362.215146
ni,2034,q2,b3w,1030.989763
ni,2034,q2,b4,4892.407162
ni,2034,q2,b5,2004.293444
ni,2034,q2,b6,617.2401756
ni,2034,q3,b1l,12.5029064
ni,2034,q3,b1w,36.52125932
ni,2034,q3,b2l,139.139805
ni,2034,q3,b2w,361.266465
ni,2034,q3,b3l,382.8323136
ni,2034,q3,b3w,1086.76833
ni,2034,q3,b4,5295.486881
ni,2034,q3,b5,2135.580607
ni,2034,q3,b6,661.9863537
ni,2034,q4,b1l,9.049627412
ni,2034,q4,b1w,26.73225485
ni,2034,q4,b2l,103.9318286
ni,2034,q4,b2w,298.6467644
ni,2034,q4,b3l,321.2875117
ni,2034,q4,b3w,921.1803497
ni,2034,q4,b4,4561.834724
ni,2034,q4,b5,1881.54109
ni,2034,q4,b6,586.9977256
ni,2035,q1,b1l,8.885458946
ni,2035,q1,b1w,26.26505651
ni,2035,q1,b2l,102.6642092
ni,2035,q1,b2w,298.1679174
ni,2035,q1,b3l,321.6785686
ni,2035,q1,b3w,919.0147215
ni,2035,q1,b4,4332.751128
ni,2035,q1,b5,1864.793414
ni,2035,q1,b6,580.4991782
ni,2035,q2,b1l,12.91429353
ni,2035,q2,b1w,37.84803694
ni,2035,q2,b2l,142.3528852
ni,2035,q2,b2w,360.6975458
ni,2035,q2,b3l,368.0273906
ni,2035,q2,b3w,1047.54173
ni,2035,q2,b4,4970.821969
ni,2035,q2,b5,2036.269424
ni,2035,q2,b6,627.1029132
ni,2035,q3,b1l,12.70189307
ni,2035,q3,b1w,37.10293383
ni,2035,q3,b2l,141.3568953
ni,2035,q3,b2w,367.0723622
ni,2035,q3,b3l,388.9844014
ni,2035,q3,b3w,1104.23876
ni,2035,q3,b4,5380.566929
ni,2035,q3,b5,2169.721795
ni,2035,q3,b6,672.5812935
ni,2035,q4,b1l,9.194497718
ni,2035,q4,b1w,27.16026369
ni,2035,q4,b2l,105.5978994
ni,2035,q4,b2w,303.436797
ni,2035,q4,b3l,326.4480696
ni,2035,q4,b3w,935.9800455
ni,2035,q4,b4,4634.93368
ni,2035,q4,b5,1911.484617
ni,2035,q4,b6,596.3522492
ni,2036,q1,b1l,9.025505035
ni,2036,q1,b1w,26.67914376
ni,2036,q1,b2l,104.2849851
ni,2036,q1,b2w,302.8827495
ni,2036,q1,b3l,326.7676023
ni,2036,q1,b3w,933.5406125
ni,2036,q1,b4,4400.948735
ni,2036,q1,b5,1893.935841
ni,2036,q1,b6,589.5788092
ni,2036,q2,b1l,13.11376393
ni,2036,q2,b1w,38.43332826
ni,2036,q2,b2l,144.5613611
ni,2036,q2,b2w,366.3647228
ni,2036,q2,b3l,373.8396337
ni,2036,q2,b3w,1064.094131
ni,2036,q2,b4,5049.232527
ni,2036,q2,b5,2068.244701
ni,2036,q2,b6,636.9624163
ni,2036,q3,b1l,12.90069368
ni,2036,q3,b1w,37.68408573
ni,2036,q3,b2l,143.5721535
ni,2036,q3,b2w,372.8775606
ni,2036,q3,b3l,395.1358493
ni,2036,q3,b3w,1121.707514
ni,2036,q3,b4,5465.634974
ni,2036,q3,b5,2203.859124
ni,2036,q3,b6,683.172235
ni,2036,q4,b1l,9.339397296
ni,2036,q4,b1w,27.58835888
ni,2036,q4,b2l,107.2644038
ni,2036,q4,b2w,308.2284201
ni,2036,q4,b3l,331.6104731
ni,2036,q4,b3w,950.7851092
ni,2036,q4,b4,4708.046597
ni,2036,q4,b5,1941.436686
ni,2036,q4,b6,605.7063791
ni,2037,q1,b1l,9.167607505
ni,2037,q1,b1w,27.0993109
ni,2037,q1,b2l,105.9295833
ni,2037,q1,b2w,307.6669561
ni,2037,q1,b3l,331.9315587
ni,2037,q1,b3w,948.2802566
ni,2037,q1,b4,4470.144458
ni,2037,q1,b5,1923.506219
ni,2037,q1,b6,598.7913205
ni,2037,q2,b1l,13.31596019
ni,2037,q2,b1w,39.02663938
ni,2037,q2,b2l,146.8003731
ni,2037,q2,b2w,372.1133058
ni,2037,q2,b3l,379.7366069
ni,2037,q2,b3w,1080.888052
ni,2037,q2,b4,5128.785632
ni,2037,q2,b5,2100.686945
ni,2037,q2,b6,646.9654807
ni,2037,q3,b1l,13.10229237
ni,2037,q3,b1w,38.27342971
ni,2037,q3,b2l,145.8187253
ni,2037,q3,b2w,378.7672075
ni,2037,q3,b3l,401.3768525
ni,2037,q3,b3w,1139.430733
ni,2037,q3,b4,5551.941745
ni,2037,q3,b5,2238.494315
ni,2037,q3,b6,693.9172941
ni,2037,q4,b1l,9.486420513
ni,2037,q4,b1w,28.02272766
ni,2037,q4,b2l,108.9553696
ni,2037,q4,b2w,313.0905177
ni,2037,q4,b3l,336.8488981
ni,2037,q4,b3w,965.8083087
ni,2037,q4,b4,4782.232665
ni,2037,q4,b5,1971.829312
ni,2037,q4,b6,615.1976099
ni,2038,q1,b1l,9.31156158
ni,2038,q1,b1w,27.52495305
ni,2038,q1,b2l,107.5956412
ni,2038,q1,b2w,312.513682
ni,2038,q1,b3l,337.1630422
ni,2038,q1,b3w,963.2125767
ni,2038,q1,b4,4540.239777
ni,2038,q1,b5,1953.46171
ni,2038,q1,b6,608.1237429
ni,2038,q2,b1l,13.52057708
ni,2038,q2,b1w,39.62707625
ni,2038,q2,b2l,149.066569
ni,2038,q2,b2w,377.9349541
ni,2038,q2,b3l,385.7098641
ni,2038,q2,b3w,1097.899467
ni,2038,q2,b4,5209.367975
ni,2038,q2,b5,2133.549864
ni,2038,q2,b6,657.0982873
ni,2038,q3,b1l,13.30639492
ni,2038,q3,b1w,38.8701071
ni,2038,q3,b2l,148.0933427
ni,2038,q3,b2w,384.7329405
ni,2038,q3,b3l,407.6985587
ni,2038,q3,b3w,1157.38333
ni,2038,q3,b4,5639.365731
ni,2038,q3,b5,2273.57841
ni,2038,q3,b6,704.8016822
ni,2038,q4,b1l,9.635356054
ni,2038,q4,b1w,28.46274598
ni,2038,q4,b2l,110.6683696
ni,2038,q4,b2w,318.0161077
ni,2038,q4,b3l,342.1558434
ni,2038,q4,b3w,981.0281608
ni,2038,q4,b4,4857.386268
ni,2038,q4,b5,2002.618681
ni,2038,q4,b6,624.8126626
ni,2039,q1,b1l,9.457350743
ni,2039,q1,b1w,27.95602119
ni,2039,q1,b2l,109.2829669
ni,2039,q1,b2w,317.4223664
ni,2039,q1,b3l,342.4614498
ni,2039,q1,b3w,978.335841
ni,2039,q1,b4,4611.225901
ni,2039,q1,b5,1983.798423
ni,2039,q1,b6,617.5747115
ni,2039,q2,b1l,13.72759313
ni,2039,q2,b1w,40.23457597
ni,2039,q2,b2l,151.3597097
ni,2039,q2,b2w,383.8290217
ni,2039,q2,b3l,391.7587294
ni,2039,q2,b3w,1115.126448
ni,2039,q2,b4,5290.969868
ni,2039,q2,b5,2166.829208
ni,2039,q2,b6,667.3593401
ni,2039,q3,b1l,13.51297862
ni,2039,q3,b1w,39.47405143
ni,2039,q3,b2l,150.3957517
ni,2039,q3,b2w,390.774067
ni,2039,q3,b3l,414.1002279
ni,2039,q3,b3w,1175.563186
ni,2039,q3,b4,5727.896132
ni,2039,q3,b5,2309.10676
ni,2039,q3,b6,715.8237992
ni,2039,q4,b1l,9.786186318
ni,2039,q4,b1w,28.90836172
ni,2039,q4,b2l,112.4032025
ni,2039,q4,b2w,323.0046193
ni,2039,q4,b3l,347.5306964
ni,2039,q4,b3w,996.4429122
ni,2039,q4,b4,4933.498135
ni,2039,q4,b5,2033.800781
ni,2039,q4,b6,634.5501193
ni,2040,q1,b1l,9.605050325
ni,2040,q1,b1w,28.39273821
ni,2040,q1,b2l,110.9924336
ni,2040,q1,b2w,322.3955526
ni,2040,q1,b3l,347.8295265
ni,2040,q1,b3w,993.6579158
ni,2040,q1,b4,4683.140253
ni,2040,q1,b5,2014.532617
ni,2040,q1,b6,627.149454
ni,2040,q2,b1l,13.9371014
ni,2040,q2,b1w,40.84941275
ni,2040,q2,b2l,153.680849
ni,2040,q2,b2w,389.7984443
ni,2040,q2,b3l,397.8863076
ni,2040,q2,b3w,1132.577855
ni,2040,q2,b4,5373.633829
ni,2040,q2,b5,2200.542796
ni,2040,q2,b6,677.7543293
ni,2040,q3,b1l,13.72214312
ni,2040,q3,b1w,40.0855549
ni,2040,q3,b2l,152.7270722
ni,2040,q3,b2w,396.8937072
ni,2040,q3,b3l,420.5851771
ni,2040,q3,b3w,1193.979746
ni,2040,q3,b4,5817.57939
ni,2040,q3,b5,2345.098425
ni,2040,q3,b6,726.9897425
ni,2040,q4,b1l,9.938989776
ni,2040,q4,b1w,29.35980665
ni,2040,q4,b2l,114.1607701
ni,2040,q4,b2w,328.0586469
ni,2040,q4,b3l,352.9762554
ni,2040,q4,b3w,1012.060605
ni,2040,q4,b4,5010.608464
ni,2040,q4,b5,2065.392436
ni,2040,q4,b6,644.4154049
ni,2041,q1,b1l,9.754654108
ni,2041,q1,b1w,28.83508543
ni,2041,q1,b2l,112.7239675
ni,2041,q1,b2w,327.4330267
ni,2041,q1,b3l,353.2670454
ni,2041,q1,b3w,1009.178152
ni,2041,q1,b4,4755.979422
ni,2041,q1,b5,2045.662935
ni,2041,q1,b6,636.8474836
ni,2041,q2,b1l,14.14908682
ni,2041,q2,b1w,41.4715431
ni,2041,q2,b2l,156.02983
ni,2041,q2,b2w,395.8428977
ni,2041,q2,b3l,404.0922969
ni,2041,q2,b3w,1150.252831
ni,2041,q2,b4,5457.355559
ni,2041,q2,b5,2234.688892
ni,2041,q2,b6,688.2826378
ni,2041,q3,b1l,13.93387464
ni,2041,q3,b1w,40.70457783
ni,2041,q3,b2l,155.0871574
ni,2041,q3,b2w,403.0915419
ni,2041,q3,b3l,427.1530705
ni,2041,q3,b3w,1212.632059
ni,2041,q3,b4,5908.410784
ni,2041,q3,b5,2381.551547
ni,2041,q3,b6,738.2988718
ni,2041,q4,b1l,10.09375915
ni,2041,q4,b1w,29.81705926
ni,2041,q4,b2l,115.9409918
ni,2041,q4,b2w,333.1779721
ni,2041,q4,b3l,358.4922944
ni,2041,q4,b3w,1027.880608
ni,2041,q4,b4,5088.713816
ni,2041,q4,b5,2097.392282
ni,2041,q4,b6,654.4080277
ni,2042,q1,b1l,9.907105606
ni,2042,q1,b1w,29.28585167
ni,2042,q1,b2l,114.4884726
ni,2042,q1,b2w,332.5664617
ni,2042,q1,b3l,358.8081831
ni,2042,q1,b3w,1024.994161
ni,2042,q1,b4,4830.202186
ni,2042,q1,b5,2077.387582
ni,2042,q1,b6,646.7301103
ni,2042,q2,b1l,14.36489548
ni,2042,q2,b1w,42.1049146
ni,2042,q2,b2l,158.4215328
ni,2042,q2,b2w,402.0004156
ni,2042,q2,b3l,410.4156442
ni,2042,q2,b3w,1168.262269
ni,2042,q2,b4,5542.66067
ni,2042,q2,b5,2269.482942
ni,2042,q2,b6,699.0102142
ni,2042,q3,b1l,14.14950346
ni,2042,q3,b1w,41.33500652
ni,2042,q3,b2l,157.4908248
ni,2042,q3,b2w,409.4063071
ni,2042,q3,b3l,433.8449627
ni,2042,q3,b3w,1231.636663
ni,2042,q3,b4,6000.957599
ni,2042,q3,b5,2418.695037
ni,2042,q3,b6,749.8217638
ni,2042,q4,b1l,10.25147039
ni,2042,q4,b1w,30.28300236
ni,2042,q4,b2l,117.7550806
ni,2042,q4,b2w,338.3948427
ni,2042,q4,b3l,364.113495
ni,2042,q4,b3w,1044.002342
ni,2042,q4,b4,5168.305281
ni,2042,q4,b5,2130.003354
ni,2042,q4,b6,664.5909184
ni,2043,q1,b1l,10.06155238
ni,2043,q1,b1w,29.74251746
ni,2043,q1,b2l,116.2761002
ni,2043,q1,b2w,337.7672542
ni,2043,q1,b3l,364.4220774
ni,2043,q1,b3w,1041.017809
ni,2043,q1,b4,4905.394183
ni,2043,q1,b5,2109.527507
ni,2043,q1,b6,656.7419715
ni,2043,q2,b1l,14.58328808
ni,2043,q2,b1w,42.74589482
ni,2043,q2,b2l,160.8422973
ni,2043,q2,b2w,408.2364587
ni,2043,q2,b3l,416.8211352
ni,2043,q2,b3w,1186.505927
ni,2043,q2,b4,5629.074092
ni,2043,q2,b5,2304.730316
ni,2043,q2,b6,709.8775445
ni,2043,q3,b1l,14.36781507
ni,2043,q3,b1w,41.97329417
ni,2043,q3,b2l,159.9245619
ni,2043,q3,b2w,415.8029782
ni,2043,q3,b3l,440.6237438
ni,2043,q3,b3w,1250.888239
ni,2043,q3,b4,6094.707273
ni,2043,q3,b5,2456.322083
ni,2043,q3,b6,761.4947104
ni,2043,q4,b1l,10.41124194
ni,2043,q4,b1w,30.75503189
ni,2043,q4,b2l,119.5929098
ni,2043,q4,b2w,343.6801425
ni,2043,q4,b3l,369.8085494
ni,2043,q4,b3w,1060.336073
ni,2043,q4,b4,5248.939553
ni,2043,q4,b5,2163.04234
ni,2043,q4,b6,674.9072841
ni,2044,q1,b1l,10.21797396
ni,2044,q1,b1w,30.20502212
ni,2044,q1,b2l,118.0866142
ni,2044,q1,b2w,343.0347208
ni,2044,q1,b3l,370.1079951
ni,2044,q1,b3w,1057.247018
ni,2044,q1,b4,4981.545306
ni,2044,q1,b5,2142.0787
ni,2044,q1,b6,666.8818217
ni,2044,q2,b1l,14.80423218
ni,2044,q2,b1w,43.39438937
ni,2044,q2,b2l,163.2917709
ni,2044,q2,b2w,414.5501508
ni,2044,q2,b3l,423.3078832
ni,2044,q2,b3w,1204.981292
ni,2044,q2,b4,5716.583869
ni,2044,q2,b5,2340.426353
ni,2044,q2,b6,720.8831715
ni,2044,q3,b1l,14.58877798
ni,2044,q3,b1w,42.61934896
ni,2044,q3,b2l,162.3880202
ni,2044,q3,b2w,422.2806629
ni,2044,q3,b3l,447.4884677
ni,2044,q3,b3w,1270.384105
ni,2044,q3,b4,6189.64672
ni,2044,q3,b5,2494.427672
ni,2044,q3,b6,773.3161471
ni,2044,q4,b1l,10.57305232
ni,2044,q4,b1w,31.23308424
ni,2044,q4,b2l,121.4542337
ni,2044,q4,b2w,349.0331794
ni,2044,q4,b3l,375.5767178
ni,2044,q4,b3w,1076.879695
ni,2044,q4,b4,5330.605936
ni,2044,q4,b5,2196.505154
ni,2044,q4,b6,685.3558534
ni,2045,q1,b1l,10.37644982
ni,2045,q1,b1w,30.67360072
ni,2045,q1,b2l,119.9209334
ni,2045,q1,b2w,348.371532
ni,2045,q1,b3l,375.8688189
ni,2045,q1,b3w,1073.690026
ni,2045,q1,b4,5058.694389
ni,2045,q1,b5,2175.057628
ni,2045,q1,b6,677.1548136
ni,2045,q2,b1l,15.02783161
ni,2045,q2,b1w,44.05070347
ni,2045,q2,b2l,165.7711178
ni,2045,q2,b2w,420.9446411
ni,2045,q2,b3l,429.8791864
ni,2045,q2,b3w,1223.697768
ni,2045,q2,b4,5805.234619
ni,2045,q2,b5,2376.589187
ni,2045,q2,b6,732.032734
ni,2045,q3,b1l,14.81249885
ni,2045,q3,b1w,43.27348322
ni,2045,q3,b2l,164.8823956
ni,2045,q3,b2w,428.8426248
ni,2045,q3,b3l,454.4426012
ni,2045,q3,b3w,1290.134118
ni,2045,q3,b4,6285.824015
ni,2045,q3,b5,2533.03095
ni,2045,q3,b6,785.2920571
ni,2045,q4,b1l,10.73698318
ni,2045,q4,b1w,31.71740098
ni,2045,q4,b2l,123.3399928
ni,2045,q4,b2w,354.4566545
ni,2045,q4,b3l,381.4209083
ni,2045,q4,b3w,1093.641553
ni,2045,q4,b4,5413.345787
ni,2045,q4,b5,2230.408599
ni,2045,q4,b6,695.9418883
ni,2046,q1,b1l,10.53700713
ni,2046,q1,b1w,31.14833354
ni,2046,q1,b2l,121.7793737
ni,2046,q1,b2w,353.7786048
ni,2046,q1,b3l,381.7055376
ni,2046,q1,b3w,1090.349667
ni,2046,q1,b4,5136.854569
ni,2046,q1,b5,2208.470028
ni,2046,q1,b6,687.5627584
ni,2046,q2,b1l,15.25411608
ni,2046,q2,b1w,44.71492518
ni,2046,q2,b2l,168.2806818
ni,2046,q2,b2w,427.4209519
ni,2046,q2,b3l,436.5361475
ni,2046,q2,b3w,1242.658497
ni,2046,q2,b4,5895.041271
ni,2046,q2,b5,2413.225082
ni,2046,q2,b6,743.3281915
ni,2046,q3,b1l,15.03901199
ni,2046,q3,b1w,43.93579769
ni,2046,q3,b2l,167.4080757
ni,2046,q3,b2w,435.4899925
ni,2046,q3,b3l,461.4873415
ni,2046,q3,b3w,1310.14168
ni,2046,q3,b4,6383.255735
ni,2046,q3,b5,2572.138766
ni,2046,q3,b6,797.4245974
ni,2046,q4,b1l,10.90306291
ni,2046,q4,b1w,32.20806549
ni,2046,q4,b2l,125.2505117
ni,2046,q4,b2w,359.9515095
ni,2046,q4,b3l,387.3421399
ni,2046,q4,b3w,1110.624575
ni,2046,q4,b4,5497.173396
ni,2046,q4,b5,2264.758678
ni,2046,q4,b6,706.6673012
ni,2047,q1,b1l,10.69427565
ni,2047,q1,b1w,31.6133487
ni,2047,q1,b2l,123.5998844
ni,2047,q1,b2w,359.0756777
ni,2047,q1,b3l,387.4236298
ni,2047,q1,b3w,1106.670459
ni,2047,q1,b4,5213.415282
ni,2047,q1,b5,2241.187536
ni,2047,q1,b6,697.7569205
ni,2047,q2,b1l,15.47541696
ni,2047,q2,b1w,45.36456546
ni,2047,q2,b2l,170.7356998
ni,2047,q2,b2w,433.7626169
ni,2047,q2,b3l,443.0571999
ni,2047,q2,b3w,1261.232665
ni,2047,q2,b4,5983.01444
ni,2047,q2,b5,2449.108433
ni,2047,q2,b6,754.3947848
ni,2047,q3,b1l,15.26074388
ni,2047,q3,b1w,44.58416447
ni,2047,q3,b2l,169.8806905
ni,2047,q3,b2w,442.0023324
ni,2047,q3,b3l,468.3890656
ni,2047,q3,b3w,1329.743652
ni,2047,q3,b4,6478.713852
ni,2047,q3,b5,2610.448053
ni,2047,q3,b6,809.3123261
ni,2047,q4,b1l,11.06573724
ni,2047,q4,b1w,32.68867128
ni,2047,q4,b2l,127.1219621
ni,2047,q4,b2w,365.3341399
ni,2047,q4,b3l,393.1428984
ni,2047,q4,b3w,1127.262488
ni,2047,q4,b4,5579.291744
ni,2047,q4,b5,2298.398573
ni,2047,q4,b6,717.1738312
ni,2048,q1,b1l,10.85346335
ni,2048,q1,b1w,32.08403842
ni,2048,q1,b2l,125.4426401
ni,2048,q1,b2w,364.4375578
ni,2048,q1,b3l,393.211733
ni,2048,q1,b3w,1123.191103
ni,2048,q1,b4,5290.908196
ni,2048,q1,b5,2274.30489
ni,2048,q1,b6,708.0755645
ni,2048,q2,b1l,15.69916356
ni,2048,q2,b1w,46.02141197
ni,2048,q2,b2l,173.2182994
ni,2048,q2,b2w,440.1794651
ni,2048,q2,b3l,449.6571559
ni,2048,q2,b3w,1280.031871
ni,2048,q2,b4,6072.052496
ni,2048,q2,b5,2485.427851
ni,2048,q2,b6,765.5958764
ni,2048,q3,b1l,15.48503283
ni,2048,q3,b1w,45.24002435
ni,2048,q3,b2l,172.3819946
ni,2048,q3,b2w,448.5933234
ni,2048,q3,b3l,475.3742432
ni,2048,q3,b3w,1349.582875
ni,2048,q3,b4,6575.327649
ni,2048,q3,b5,2649.222338
ni,2048,q3,b6,821.3444355
ni,2048,q4,b1l,11.23039255
ni,2048,q4,b1w,33.17512897
ni,2048,q4,b2l,129.016244
ni,2048,q4,b2w,370.7826125
ni,2048,q4,b3l,399.0147362
ni,2048,q4,b3w,1144.104485
ni,2048,q4,b4,5662.41344
ni,2048,q4,b5,2332.450607
ni,2048,q4,b6,727.8089628
ni,2049,q1,b1l,11.01469572
ni,2049,q1,b1w,32.56077362
ni,2049,q1,b2l,127.3090908
ni,2049,q1,b2w,369.8684616
ni,2049,q1,b3l,399.074398
ni,2049,q1,b3w,1139.924614
ni,2049,q1,b4,5369.395008
ni,2049,q1,b5,2307.848306
ni,2049,q1,b6,718.5270756
ni,2049,q2,b1l,15.92552713
ni,2049,q2,b1w,46.6859676
ni,2049,q2,b2l,175.730387
ni,2049,q2,b2w,446.6765236
ni,2049,q2,b3l,456.341226
ni,2049,q2,b3w,1299.070951
ni,2049,q2,b4,6162.226109
ni,2049,q2,b5,2522.212247
ni,2049,q2,b6,776.9406224
ni,2049,q3,b1l,15.71205305
ni,2049,q3,b1w,45.9038875
ni,2049,q3,b2l,174.9139373
ni,2049,q3,b2w,455.2681845
ni,2049,q3,b3l,482.4484131
ni,2049,q3,b3w,1369.675094
ni,2049,q3,b4,6673.174166
ni,2049,q3,b5,2688.492605
ni,2049,q3,b6,833.5307582
ni,2049,q4,b1l,11.39715804
ni,2049,q4,b1w,33.66782025
ni,2049,q4,b2l,130.9348421
ni,2049,q4,b2w,376.3011919
ni,2049,q4,b3l,404.9622555
ni,2049,q4,b3w,1161.163782
ni,2049,q4,b4,5746.6043
ni,2049,q4,b5,2366.94168
ni,2049,q4,b6,738.5813304
ni,2050,q1,b1l,11.1779508
ni,2050,q1,b1w,33.0434893
ni,2050,q1,b2l,129.1989834
ni,2050,q1,b2w,375.3676539
ni,2050,q1,b3l,405.0108339
ni,2050,q1,b3w,1156.868743
ni,2050,q1,b4,5448.864791
ni,2050,q1,b5,2341.813428
ni,2050,q1,b6,729.1100131
ni,2050,q2,b1l,16.15446458
ni,2050,q2,b1w,47.35810717
ni,2050,q2,b2l,178.2715071
ni,2050,q2,b2w,453.2528075
ni,2050,q2,b3l,463.1084759
ni,2050,q2,b3w,1318.347266
ni,2050,q2,b4,6253.522726
ni,2050,q2,b5,2559.456773
ni,2050,q2,b6,788.4274411
ni,2050,q3,b1l,15.94176606
ni,2050,q3,b1w,46.57564175
ni,2050,q3,b2l,177.4760962
ni,2050,q3,b2w,462.0259529
ni,2050,q3,b3l,489.6105598
ni,2050,q3,b3w,1390.017434
ni,2050,q3,b4,6772.239362
ni,2050,q3,b5,2728.253448
ni,2050,q3,b6,845.8695523
ni,2050,q4,b1l,11.56601094
ni,2050,q4,b1w,34.16667767
ni,2050,q4,b2l,132.8774952
ni,2050,q4,b2w,381.8891388
ni,2050,q4,b3l,410.9846592
ni,2050,q4,b3w,1178.438101
ni,2050,q4,b4,5831.852801
ni,2050,q4,b5,2401.867356
ni,2050,q4,b6,749.4894548
si,2012,q1,b1l,3.236198865
si,2012,q1,b1w,9.376306883
si,2012,q1,b2l,35.35078295
si,2012,q1,b2w,98.99523337
si,2012,q1,b3l,107.3413472
si,2012,q1,b3w,311.7433154
si,2012,q1,b4,1550.146944
si,2012,q1,b5,794.2180487
si,2012,q1,b6,279.1011911
si,2012,q2,b1l,3.324917587
si,2012,q2,b1w,9.711571994
si,2012,q2,b2l,37.77195767
si,2012,q2,b2w,109.0497067
si,2012,q2,b3l,111.4883882
si,2012,q2,b3w,313.8875091
si,2012,q2,b4,1597.512823
si,2012,q2,b5,791.5071239
si,2012,q2,b6,281.0063539
si,2012,q3,b1l,3.329903463
si,2012,q3,b1w,9.84861768
si,2012,q3,b2l,37.96462472
si,2012,q3,b2w,103.5080079
si,2012,q3,b3l,111.086706
si,2012,q3,b3w,321.419399
si,2012,q3,b4,1672.150492
si,2012,q3,b5,809.0253
si,2012,q3,b6,285.0592939
si,2012,q4,b1l,3.555053359
si,2012,q4,b1w,10.46079158
si,2012,q4,b2l,36.58526805
si,2012,q4,b2w,98.26665006
si,2012,q4,b3l,106.4762155
si,2012,q4,b3w,309.9533486
si,2012,q4,b4,1638.576466
si,2012,q4,b5,809.5525789
si,2012,q4,b6,285.4600564
si,2013,q1,b1l,3.313334823
si,2013,q1,b1w,9.598045332
si,2013,q1,b2l,36.17556832
si,2013,q1,b2w,101.2666243
si,2013,q1,b3l,109.7880527
si,2013,q1,b3w,318.7795421
si,2013,q1,b4,1583.850825
si,2013,q1,b5,810.3449744
si,2013,q1,b6,284.4056334
si,2013,q2,b1l,3.405638109
si,2013,q2,b1w,9.946219137
si,2013,q2,b2l,38.67922756
si,2013,q2,b2w,111.647775
si,2013,q2,b3l,114.09678
si,2013,q2,b3w,321.1056845
si,2013,q2,b4,1632.718422
si,2013,q2,b5,807.6332784
si,2013,q2,b6,286.3658148
si,2013,q3,b1l,3.411387533
si,2013,q3,b1w,10.08897057
si,2013,q3,b2l,38.88456077
si,2013,q3,b2w,105.9658298
si,2013,q3,b3l,113.6995765
si,2013,q3,b3w,328.8927941
si,2013,q3,b4,1709.518165
si,2013,q3,b5,825.8200476
si,2013,q3,b6,290.5996752
si,2013,q4,b1l,3.640868694
si,2013,q4,b1w,10.71240321
si,2013,q4,b2l,37.44017011
si,2013,q4,b2w,100.5000976
si,2013,q4,b3l,108.8790577
si,2013,q4,b3w,316.8892282
si,2013,q4,b4,1674.075453
si,2013,q4,b5,826.0524645
si,2013,q4,b6,290.9942635
si,2014,q1,b1l,3.378784349
si,2014,q1,b1w,9.786388205
si,2014,q1,b2l,36.87732994
si,2014,q1,b2w,103.2026399
si,2014,q1,b3l,111.872227
si,2014,q1,b3w,324.7674786
si,2014,q1,b4,1612.403943
si,2014,q1,b5,823.9180281
si,2014,q1,b6,288.8375762
si,2014,q2,b1l,3.474068036
si,2014,q2,b1w,10.14522934
si,2014,q2,b2l,39.44837511
si,2014,q2,b2w,113.8492735
si,2014,q2,b3l,116.312369
si,2014,q2,b3w,327.2405314
si,2014,q2,b4,1662.519764
si,2014,q2,b5,821.1905099
si,2014,q2,b6,290.8413881
si,2014,q3,b1l,3.480694196
si,2014,q3,b1w,10.29338645
si,2014,q3,b2l,39.66717858
si,2014,q3,b2w,108.0623162
si,2014,q3,b3l,115.9258889
si,2014,q3,b3w,335.2538438
si,2014,q3,b4,1741.194376
si,2014,q3,b5,839.9637876
si,2014,q3,b6,295.2335801
si,2014,q4,b1l,3.713282862
si,2014,q4,b1w,10.92472236
si,2014,q4,b2l,38.1651182
si,2014,q4,b2w,102.4014374
si,2014,q4,b3l,110.9231415
si,2014,q4,b3w,322.7850732
si,2014,q4,b4,1704.157249
si,2014,q4,b5,839.9552737
si,2014,q4,b6,295.6334217
si,2015,q1,b1l,3.433771999
si,2015,q1,b1w,9.944786379
si,2015,q1,b2l,37.46840735
si,2015,q1,b2w,104.8356036
si,2015,q1,b3l,113.6283531
si,2015,q1,b3w,329.8053019
si,2015,q1,b4,1636.254604
si,2015,q1,b5,835.1349928
si,2015,q1,b6,292.4583248
si,2015,q2,b1l,3.531426033
si,2015,q2,b1w,10.31207441
si,2015,q2,b2l,40.09268809
si,2015,q2,b2w,115.691645
si,2015,q2,b3l,118.1703726
si,2015,q2,b3w,332.3854478
si,2015,q2,b4,1687.356812
si,2015,q2,b5,832.3633763
si,2015,q2,b6,294.4903561
si,2015,q3,b1l,3.539068093
si,2015,q3,b1w,10.46548243
si,2015,q3,b2l,40.32588465
si,2015,q3,b2w,109.830302
si,2015,q3,b3l,117.7999411
si,2015,q3,b3w,340.5993007
si,2015,q3,b4,1767.645944
si,2015,q3,b5,851.6506639
si,2015,q3,b6,299.0201389
si,2015,q4,b1l,3.773721516
si,2015,q4,b1w,11.10189856
si,2015,q4,b2l,38.77306224
si,2015,q4,b2w,104.0016139
si,2015,q4,b3l,112.6412108
si,2015,q4,b3w,327.7338767
si,2015,q4,b4,1729.277279
si,2015,q4,b5,851.4567942
si,2015,q4,b6,299.4389762
si,2016,q1,b1l,3.479048439
si,2016,q1,b1w,10.07524306
si,2016,q1,b2l,37.95530447
si,2016,q1,b2w,106.1804348
si,2016,q1,b3l,115.0721627
si,2016,q1,b3w,333.9367004
si,2016,q1,b4,1655.616069
si,2016,q1,b5,844.0960112
si,2016,q1,b6,295.2986969
si,2016,q2,b1l,3.578611412
si,2016,q2,b1w,10.44930129
si,2016,q2,b2l,40.62185649
si,2016,q2,b2w,117.2018728
si,2016,q2,b3l,119.6938355
si,2016,q2,b3w,336.5973217
si,2016,q2,b4,1707.495792
si,2016,q2,b5,841.2701149
si,2016,q2,b6,297.3496725
si,2016,q3,b1l,3.587348479
si,2016,q3,b1w,10.60775289
si,2016,q3,b2l,40.8700902
si,2016,q3,b2w,111.2917094
si,2016,q3,b3l,119.3450272
si,2016,q3,b3w,344.994912
si,2016,q3,b4,1789.19343
si,2016,q3,b5,861.0219522
si,2016,q3,b6,302.0053693
si,2016,q4,b1l,3.823224744
si,2016,q4,b1w,11.24695952
si,2016,q4,b2l,39.27198042
si,2016,q4,b2w,105.3162044
si,2016,q4,b3l,114.0499217
si,2016,q4,b3w,331.7831873
si,2016,q4,b4,1749.677374
si,2016,q4,b5,860.6673182
si,2016,q4,b6,302.4468795
si,2017,q1,b1l,3.50693359
si,2017,q1,b1w,10.15578526
si,2017,q1,b2l,38.25697147
si,2017,q1,b2w,107.0159967
si,2017,q1,b3l,115.9656347
si,2017,q1,b3w,336.4776186
si,2017,q1,b4,1667.190564
si,2017,q1,b5,849.2171747
si,2017,q1,b6,296.8351167
si,2017,q2,b1l,3.607512775
si,2017,q2,b1w,10.53337308
si,2017,q2,b2l,40.94493548
si,2017,q2,b2w,118.1199879
si,2017,q2,b3l,120.6244988
si,2017,q2,b3w,339.1654769
si,2017,q2,b4,1719.465502
si,2017,q2,b5,846.3176052
si,2017,q2,b6,298.8877879
si,2017,q3,b1l,3.617402499
si,2017,q3,b1w,10.6961972
si,2017,q3,b2l,41.20805234
si,2017,q3,b2w,112.2035505
si,2017,q3,b3l,120.3024001
si,2017,q3,b3w,347.7002876
si,2017,q3,b4,1802.127078
si,2017,q3,b5,866.406054
si,2017,q3,b6,303.6337238
si,2017,q4,b1l,3.853092996
si,2017,q4,b1w,11.3344139
si,2017,q4,b2l,39.57675752
si,2017,q4,b2w,106.1263142
si,2017,q4,b3l,114.9138119
si,2017,q4,b3w,334.2536485
si,2017,q4,b4,1761.874903
si,2017,q4,b5,865.9659054
si,2017,q4,b6,304.1120481
si,2018,q1,b1l,3.529955717
si,2018,q1,b1w,10.22235123
si,2018,q1,b2l,38.50652986
si,2018,q1,b2w,107.7070805
si,2018,q1,b3l,116.7017163
si,2018,q1,b3w,338.5586072
si,2018,q1,b4,1676.44154
si,2018,q1,b5,853.1362921
si,2018,q1,b6,297.9449742
si,2018,q2,b1l,3.631349512
si,2018,q2,b1w,10.60268378
si,2018,q2,b2l,41.2103743
si,2018,q2,b2w,118.8708027
si,2018,q2,b3l,121.3865496
si,2018,q2,b3w,341.2612191
si,2018,q2,b4,1729.008833
si,2018,q2,b5,850.1597653
si,2018,q2,b6,299.9945643
si,2018,q3,b1l,3.642511196
si,2018,q3,b1w,10.76998685
si,2018,q3,b2l,41.48958667
si,2018,q3,b2w,112.9641672
si,2018,q3,b3l,121.0961278
si,2018,q3,b3w,349.9294485
si,2018,q3,b4,1812.555412
si,2018,q3,b5,870.5745699
si,2018,q3,b6,304.8296378
si,2018,q4,b1l,3.877426479
si,2018,q4,b1w,11.40560513
si,2018,q4,b2l,39.82659675
si,2018,q4,b2w,106.7926662
si,2018,q4,b3l,115.621116
si,2018,q4,b3w,336.2660314
si,2018,q4,b4,1771.628569
si,2018,q4,b5,870.0493616
si,2018,q4,b6,305.345692
si,2019,q1,b1l,3.545617759
si,2019,q1,b1w,10.26748196
si,2019,q1,b2l,38.67470181
si,2019,q1,b2w,108.1687103
si,2019,q1,b3l,117.1899285
si,2019,q1,b3w,339.9235918
si,2019,q1,b4,1682.200603
si,2019,q1,b5,855.33601
si,2019,q1,b6,298.4710087
si,2019,q2,b1l,3.647511668
si,2019,q2,b1w,10.64951036
si,2019,q2,b2l,41.38851516
si,2019,q2,b2w,119.3701399
si,2019,q2,b3l,121.8882952
si,2019,q2,b3w,342.6225962
si,2019,q2,b4,1734.911163
si,2019,q2,b5,852.2836394
si,2019,q2,b6,300.5129993
si,2019,q3,b1l,3.659801035
si,2019,q3,b1w,10.82066543
si,2019,q3,b2l,41.68189741
si,2019,q3,b2w,113.4784678
si,2019,q3,b3l,121.626859
si,2019,q3,b3w,351.4027474
si,2019,q3,b4,1819.142094
si,2019,q3,b5,872.9665872
si,2019,q3,b6,305.4214078
si,2019,q4,b1l,3.893877387
si,2019,q4,b1w,11.4536014
si,2019,q4,b2l,39.99330934
si,2019,q4,b2w,107.2318795
si,2019,q4,b3l,116.0833076
si,2019,q4,b3w,337.5682815
si,2019,q4,b4,1777.697947
si,2019,q4,b5,872.3757073
si,2019,q4,b6,305.975104
si,2020,q1,b1l,3.558647014
si,2020,q1,b1w,10.30523267
si,2020,q1,b2l,38.81653461
si,2020,q1,b2w,108.5611194
si,2020,q1,b3l,117.6036582
si,2020,q1,b3w,341.0749485
si,2020,q1,b4,1686.944673
si,2020,q1,b5,857.0552545
si,2020,q1,b6,298.8419647
si,2020,q2,b1l,3.660934926
si,2020,q2,b1w,10.688479
si,2020,q2,b2l,41.53632703
si,2020,q2,b2w,119.782903
si,2020,q2,b3l,122.3079653
si,2020,q2,b3w,343.7642221
si,2020,q2,b4,1739.747434
si,2020,q2,b5,853.9265561
si,2020,q2,b6,300.8740669
si,2020,q3,b1l,3.674425147
si,2020,q3,b1w,10.86348451
si,2020,q3,b2l,41.8444987
si,2020,q3,b2w,113.9183192
si,2020,q3,b3l,122.0782703
si,2020,q3,b3w,352.6491188
si,2020,q3,b4,1824.599944
si,2020,q3,b5,874.8587953
si,2020,q3,b6,305.8507055
si,2020,q4,b1l,3.907172033
si,2020,q4,b1w,11.49238688
si,2020,q4,b2l,40.13159431
si,2020,q4,b2w,107.6032897
si,2020,q4,b3l,116.4726499
si,2020,q4,b3w,338.6603854
si,2020,q4,b4,1782.699306
si,2020,q4,b5,874.2122044
si,2020,q4,b6,306.4428112
si,2021,q1,b1l,3.574177433
si,2021,q1,b1w,10.34997025
si,2021,q1,b2l,38.9832098
si,2021,q1,b2w,109.0186651
si,2021,q1,b3l,118.088427
si,2021,q1,b3w,342.4341351
si,2021,q1,b4,1692.730848
si,2021,q1,b5,859.304286
si,2021,q1,b6,299.398219
si,2021,q2,b1l,3.677050568
si,2021,q2,b1w,10.73518445
si,2021,q2,b2l,41.71420292
si,2021,q2,b2w,120.2821471
si,2021,q2,b3l,122.8091391
si,2021,q2,b3w,345.1255774
si,2021,q2,b4,1745.702129
si,2021,q2,b5,856.1159197
si,2021,q2,b6,301.4277203
si,2021,q3,b1l,3.691607363
si,2021,q3,b1w,10.9138789
si,2021,q3,b2l,42.03587094
si,2021,q3,b2w,114.4296413
si,2021,q3,b3l,122.6067919
si,2021,q3,b3w,354.1193118
si,2021,q3,b4,1831.22702
si,2021,q3,b5,877.3110208
si,2021,q3,b6,306.4756576
si,2021,q4,b1l,3.923595355
si,2021,q4,b1w,11.54032575
si,2021,q4,b2l,40.29754081
si,2021,q4,b2w,108.0397494
si,2021,q4,b3l,116.9328632
si,2021,q4,b3w,339.9593949
si,2021,q4,b4,1788.796057
si,2021,q4,b5,876.5856236
si,2021,q4,b6,307.0985008
si,2022,q1,b1l,3.592055304
si,2022,q1,b1w,10.40174547
si,2022,q1,b2l,39.17785085
si,2022,q1,b2w,109.5587732
si,2022,q1,b3l,118.6628967
si,2022,q1,b3w,344.0544783
si,2022,q1,b4,1699.826431
si,2022,q1,b5,862.2235884
si,2022,q1,b6,300.192056
si,2022,q2,b1l,3.695688398
si,2022,q2,b1w,10.78940497
si,2022,q2,b2l,41.92145726
si,2022,q2,b2w,120.8669381
si,2022,q2,b3l,123.4042583
si,2022,q2,b3w,346.7608695
si,2022,q2,b4,1753.046705
si,2022,q2,b5,858.9866724
si,2022,q2,b6,302.2236335
si,2022,q3,b1l,3.711432125
si,2022,q3,b1w,10.97210159
si,2022,q3,b2l,42.25795238
si,2022,q3,b2w,115.0311569
si,2022,q3,b3l,123.2321453
si,2022,q3,b3w,355.8696354
si,2022,q3,b4,1839.310679
si,2022,q3,b5,880.4620036
si,2022,q3,b6,307.34743
si,2022,q4,b1l,3.942302109
si,2022,q4,b1w,11.59503519
si,2022,q4,b2l,40.49078442
si,2022,q4,b2w,108.5575164
si,2022,q4,b3l,117.4813505
si,2022,q4,b3w,341.5160309
si,2022,q4,b4,1796.262733
si,2022,q4,b5,879.6373513
si,2022,q4,b6,307.9958122
si,2023,q1,b1l,3.613293644
si,2023,q1,b1w,10.46329517
si,2023,q1,b2l,39.40964019
si,2023,q1,b2w,110.2039333
si,2023,q1,b3l,119.3517052
si,2023,q1,b3w,346.0087478
si,2023,q1,b4,1708.594757
si,2023,q1,b5,865.9970972
si,2023,q1,b6,301.2844993
si,2023,q2,b1l,3.7177822
si,2023,q2,b1w,10.85375812
si,2023,q2,b2l,42.16824988
si,2023,q2,b2w,121.5663146
si,2023,q2,b3l,124.1175958
si,2023,q2,b3w,348.7311723
si,2023,q2,b4,1762.097876
si,2023,q2,b5,862.6968013
si,2023,q2,b6,303.315337
si,2023,q3,b1l,3.734707028
si,2023,q3,b1w,11.04054511
si,2023,q3,b2l,42.51955367
si,2023,q3,b2w,115.741476
si,2023,q3,b3l,123.9746549
si,2023,q3,b3w,357.9595509
si,2023,q3,b4,1849.165182
si,2023,q3,b5,884.4649626
si,2023,q3,b6,308.5172886
si,2023,q4,b1l,3.964688695
si,2023,q4,b1w,11.66058767
si,2023,q4,b2l,40.722563
si,2023,q4,b2w,109.1803729
si,2023,q4,b3l,118.1441331
si,2023,q4,b3w,343.4058897
si,2023,q4,b4,1805.494724
si,2023,q4,b5,883.5583175
si,2023,q4,b6,309.1983464
si,2024,q1,b1l,3.637230068
si,2024,q1,b1w,10.53241251
si,2024,q1,b2l,39.66847311
si,2024,q1,b2w,110.9203353
si,2024,q1,b3l,120.1180609
si,2024,q1,b3w,348.1893594
si,2024,q1,b4,1718.498137
si,2024,q1,b5,870.3523044
si,2024,q1,b6,302.5831908
si,2024,q2,b1l,3.742757969
si,2024,q2,b1w,10.92640028
si,2024,q2,b2l,42.4471883
si,2024,q2,b2w,122.3580022
si,2024,q2,b3l,124.9184475
si,2024,q2,b3w,350.9379421
si,2024,q2,b4,1772.351309
si,2024,q2,b5,866.9972137
si,2024,q2,b6,304.6175727
si,2024,q3,b1l,3.760755785
si,2024,q3,b1w,11.11719267
si,2024,q3,b2l,42.81229301
si,2024,q3,b2w,116.5296935
si,2024,q3,b3l,124.8009489
si,2024,q3,b3w,360.2922488
si,2024,q3,b4,1860.283686
si,2024,q3,b5,889.0749298
si,2024,q3,b6,309.9018323
si,2024,q4,b1l,3.990384602
si,2024,q4,b1w,11.73581995
si,2024,q4,b2l,40.98387294
si,2024,q4,b2w,109.8732807
si,2024,q4,b3l,118.883121
si,2024,q4,b3w,345.5184514
si,2024,q4,b4,1815.912889
si,2024,q4,b5,888.0663194
si,2024,q4,b6,310.6096319
si,2025,q1,b1l,3.663992077
si,2025,q1,b1w,10.60995319
si,2025,q1,b2l,39.96051098
si,2025,q1,b2w,111.7341138
si,2025,q1,b3l,120.9898537
si,2025,q1,b3w,350.6753348
si,2025,q1,b4,1729.899524
si,2025,q1,b5,875.4433866
si,2025,q1,b6,304.1324019
si,2025,q2,b1l,3.770824394
si,2025,q2,b1w,11.00823873
si,2025,q2,b2l,42.76201209
si,2025,q2,b2w,123.2538751
si,2025,q2,b3l,125.8327975
si,2025,q2,b3w,353.4733333
si,2025,q2,b4,1784.235069
si,2025,q2,b5,872.0633071
si,2025,q2,b6,306.1825545
si,2025,q3,b1l,3.790002726
si,2025,q3,b1w,11.20332922
si,2025,q3,b2l,43.14222289
si,2025,q3,b2w,117.4265333
si,2025,q3,b3l,125.743656
si,2025,q3,b3w,362.9603785
si,2025,q3,b4,1873.111554
si,2025,q3,b5,894.4713168
si,2025,q3,b6,311.5552973
si,2025,q4,b1l,4.018874819
si,2025,q4,b1w,11.8193144
si,2025,q4,b2l,41.27800083
si,2025,q4,b2w,110.6629259
si,2025,q4,b3l,119.7268617
si,2025,q4,b3w,347.9351951
si,2025,q4,b4,1827.909033
si,2025,q4,b5,893.3232463
si,2025,q4,b6,312.2785156
si,2026,q1,b1l,3.69274699
si,2026,q1,b1w,10.69330384
si,2026,q1,b2l,40.27469506
si,2026,q1,b2w,112.6105578
si,2026,q1,b3l,121.9295874
si,2026,q1,b3w,353.3586125
si,2026,q1,b4,1742.266761
si,2026,q1,b5,881.0178254
si,2026,q1,b6,305.8464511
si,2026,q2,b1l,3.800852814
si,2026,q2,b1w,11.09581115
si,2026,q2,b2l,43.09913048
si,2026,q2,b2w,124.2140865
si,2026,q2,b3l,126.8136067
si,2026,q2,b3w,356.1965051
si,2026,q2,b4,1797.062696
si,2026,q2,b5,877.5858042
si,2026,q2,b6,307.9044525
si,2026,q3,b1l,3.821272261
si,2026,q3,b1w,11.29542462
si,2026,q3,b2l,43.49506358
si,2026,q3,b2w,118.3861829
si,2026,q3,b3l,126.7533452
si,2026,q3,b3w,365.8212229
si,2026,q3,b4,1886.927068
si,2026,q3,b5,900.3352664
si,2026,q3,b6,313.3670088
si,2026,q4,b1l,4.049493657
si,2026,q4,b1w,11.90907874
si,2026,q4,b2l,41.59461235
si,2026,q4,b2w,111.5141179
si,2026,q4,b3l,120.637118
si,2026,q4,b3w,350.5449718
si,2026,q4,b4,1840.918819
si,2026,q4,b5,899.0733107
si,2026,q4,b6,314.1178232
si,2027,q1,b1l,3.721066657
si,2027,q1,b1w,10.77539871
si,2027,q1,b2l,40.58419235
si,2027,q1,b2w,113.4741378
si,2027,q1,b3l,122.8558006
si,2027,q1,b3w,356.0044877
si,2027,q1,b4,1754.476488
si,2027,q1,b5,886.5427618
si,2027,q1,b6,307.5530912
si,2027,q2,b1l,3.830387884
si,2027,q2,b1w,11.18194618
si,2027,q2,b2l,43.4307032
si,2027,q2,b2w,125.1586083
si,2027,q2,b3l,127.7785271
si,2027,q2,b3w,358.8760718
si,2027,q2,b4,1809.701809
si,2027,q2,b5,883.0483199
si,2027,q2,b6,309.614472
si,2027,q3,b1l,3.852031216
si,2027,q3,b1w,11.38602141
si,2027,q3,b2l,43.84218032
si,2027,q3,b2w,119.3302541
si,2027,q3,b3l,127.7466749
si,2027,q3,b3w,368.6366059
si,2027,q3,b4,1900.539827
si,2027,q3,b5,906.1338465
si,2027,q3,b6,315.1652238
si,2027,q4,b1l,4.079635637
si,2027,q4,b1w,11.99745918
si,2027,q4,b2l,41.90635497
si,2027,q4,b2w,112.3524019
si,2027,q4,b3l,121.5338617
si,2027,q4,b3w,353.1172656
si,2027,q4,b4,1853.764023
si,2027,q4,b5,904.7723018
si,2027,q4,b6,315.9479953
si,2028,q1,b1l,3.74802687
si,2028,q1,b1w,10.85364651
si,2028,q1,b2l,40.87976607
si,2028,q1,b2w,114.3007527
si,2028,q1,b3l,123.7426674
si,2028,q1,b3w,358.5390074
si,2028,q1,b4,1766.202448
si,2028,q1,b5,891.8622655
si,2028,q1,b6,309.2018885
si,2028,q2,b1l,3.858623777
si,2028,q2,b1w,11.26437363
si,2028,q2,b2l,43.74822515
si,2028,q2,b2w,126.0638439
si,2028,q2,b3l,128.7062817
si,2028,q2,b3w,361.4580831
si,2028,q2,b4,1821.904792
si,2028,q2,b5,888.3393825
si,2028,q2,b6,311.2777097
si,2028,q3,b1l,3.881443195
si,2028,q3,b1w,11.47269328
si,2028,q3,b2l,44.17467853
si,2028,q3,b2w,120.2380224
si,2028,q3,b3l,128.7027563
si,2028,q3,b3w,371.3483865
si,2028,q3,b4,1913.675641
si,2028,q3,b5,911.7458599
si,2028,q3,b6,316.913259
si,2028,q4,b1l,4.108243552
si,2028,q4,b1w,12.0813637
si,2028,q4,b2l,42.20380177
si,2028,q4,b2w,113.1556186
si,2028,q4,b3l,122.3934488
si,2028,q4,b3w,355.5840547
si,2028,q4,b4,1866.099169
si,2028,q4,b5,910.2551887
si,2028,q4,b6,317.7123619
si,2029,q1,b1l,3.777444914
si,2029,q1,b1w,10.93898321
si,2029,q1,b2l,41.20190713
si,2029,q1,b2w,115.2010693
si,2029,q1,b3l,124.7089451
si,2029,q1,b3w,361.3021711
si,2029,q1,b4,1778.994866
si,2029,q1,b5,897.6812676
si,2029,q1,b6,311.0112304
si,2029,q2,b1l,3.889294418
si,2029,q2,b1w,11.35386861
si,2029,q2,b2l,44.09295232
si,2029,q2,b2w,127.046629
si,2029,q2,b3l,129.7119512
si,2029,q2,b3w,364.2552803
si,2029,q2,b4,1835.142136
si,2029,q2,b5,894.0924751
si,2029,q2,b6,313.0906374
si,2029,q3,b1l,3.913364943
si,2029,q3,b1w,11.56674414
si,2029,q3,b2l,44.53528463
si,2029,q3,b2w,121.2205853
si,2029,q3,b3l,129.7375516
si,2029,q3,b3w,374.2840828
si,2029,q3,b4,1927.912977
si,2029,q3,b5,917.8408467
si,2029,q3,b6,318.8152678
si,2029,q4,b1l,4.139529534
si,2029,q4,b1w,12.17312157
si,2029,q4,b2l,42.52830143
si,2029,q4,b2w,114.0303489
si,2029,q4,b3l,123.3298352
si,2029,q4,b3w,358.2720332
si,2029,q4,b4,1879.556538
si,2029,q4,b5,916.2526656
si,2029,q4,b6,319.64705
si,2030,q1,b1l,3.806721754
si,2030,q1,b1w,11.02393008
si,2030,q1,b2l,41.52268456
si,2030,q1,b2w,116.0980004
si,2030,q1,b3l,125.6717316
si,2030,q1,b3w,364.0557029
si,2030,q1,b4,1791.761541
si,2030,q1,b5,903.5016317
si,2030,q1,b6,312.8242873
si,2030,q2,b1l,3.91987044
si,2030,q2,b1w,11.44311296
si,2030,q2,b2l,44.43679602
si,2030,q2,b2w,128.0272518
si,2030,q2,b3l,130.7161699
si,2030,q2,b3w,367.0500641
si,2030,q2,b4,1848.383646
si,2030,q2,b5,899.8631234
si,2030,q2,b6,314.9125732
si,2030,q3,b1l,3.945147772
si,2030,q3,b1w,11.66041127
si,2030,q3,b2l,44.89459141
si,2030,q3,b2w,122.2006399
si,2030,q3,b3l,130.7701921
si,2030,q3,b3w,377.214748
si,2030,q3,b4,1942.144414
si,2030,q3,b5,923.9486755
si,2030,q3,b6,320.725672
si,2030,q4,b1l,4.170660938
si,2030,q4,b1w,12.26444018
si,2030,q4,b2l,42.85156576
si,2030,q4,b2w,114.9025602
si,2030,q4,b3l,124.2638424
si,2030,q4,b3w,360.9540511
si,2030,q4,b4,1892.996422
si,2030,q4,b5,922.2547027
si,2030,q4,b6,321.5861718
si,2031,q1,b1l,3.835316932
si,2031,q1,b1w,11.10719342
si,2031,q1,b2l,41.83888526
si,2031,q1,b2w,116.9874895
si,2031,q1,b3l,126.6265926
si,2031,q1,b3w,366.7870728
si,2031,q1,b4,1804.419813
si,2031,q1,b5,909.270462
si,2031,q1,b6,314.621956
si,2031,q2,b1l,3.949703753
si,2031,q2,b1w,11.53035156
si,2031,q2,b2l,44.77301698
si,2031,q2,b2w,128.9867039
si,2031,q2,b3l,131.7067996
si,2031,q2,b3w,369.8184692
si,2031,q2,b4,1861.495085
si,2031,q2,b5,905.5743928
si,2031,q2,b6,316.7157221
si,2031,q3,b1l,3.976367965
si,2031,q3,b1w,11.75241174
si,2031,q3,b2l,45.24802379
si,2031,q3,b2w,123.1724529
si,2031,q3,b3l,131.7938008
si,2031,q3,b3w,380.1193537
si,2031,q3,b4,1956.239549
si,2031,q3,b5,929.9954299
si,2031,q3,b6,322.6157441
si,2031,q4,b1l,4.200644602
si,2031,q4,b1w,12.35244853
si,2031,q4,b2l,43.16797944
si,2031,q4,b2w,115.7667417
si,2031,q4,b3l,125.1891171
si,2031,q4,b3w,363.6108102
si,2031,q4,b4,1906.30897
si,2031,q4,b5,928.1982908
si,2031,q4,b6,323.5069022
si,2032,q1,b1l,3.862803724
si,2032,q1,b1w,11.18710273
si,2032,q1,b2l,42.14159226
si,2032,q1,b2w,117.8368224
si,2032,q1,b3l,127.5383448
si,2032,q1,b3w,369.3950771
si,2032,q1,b4,1816.514892
si,2032,q1,b5,914.7873951
si,2032,q1,b6,316.3422848
si,2032,q2,b1l,3.978384098
si,2032,q2,b1w,11.61414965
si,2032,q2,b2l,45.09596209
si,2032,q2,b2w,129.9081003
si,2032,q2,b3l,132.6547546
si,2032,q2,b3w,372.4632749
si,2032,q2,b4,1874.029607
si,2032,q2,b5,911.0393211
si,2032,q2,b6,318.4429853
si,2032,q3,b1l,4.006290198
si,2032,q3,b1w,11.84059468
si,2032,q3,b2l,45.58658506
si,2032,q3,b2w,124.1002675
si,2032,q3,b3l,132.771483
si,2032,q3,b3w,382.8943553
si,2032,q3,b4,1969.714067
si,2032,q3,b5,935.7803956
si,2032,q3,b6,324.4265184
si,2032,q4,b1l,4.229644834
si,2032,q4,b1w,12.43754332
si,2032,q4,b2l,43.47184927
si,2032,q4,b2w,116.5922677
si,2032,q4,b3l,126.0730644
si,2032,q4,b3w,366.1491954
si,2032,q4,b4,1919.033651
si,2032,q4,b5,933.8822886
si,2032,q4,b6,325.3442253
si,2033,q1,b1l,3.891812511
si,2033,q1,b1w,11.2714006
si,2033,q1,b2l,42.46070753
si,2033,q1,b2w,118.7315466
si,2033,q1,b3l,128.4988639
si,2033,q1,b3w,372.1427375
si,2033,q1,b4,1829.262124
si,2033,q1,b5,920.6035884
si,2033,q1,b6,318.1568415
si,2033,q2,b1l,4.008670167
si,2033,q2,b1w,11.70262194
si,2033,q2,b2l,45.43693173
si,2033,q2,b2w,130.880927
si,2033,q2,b3l,133.6546592
si,2033,q2,b3w,375.2517526
si,2033,q2,b4,1887.248291
si,2033,q2,b5,916.8040525
si,2033,q2,b6,320.2659174
si,2033,q3,b1l,4.037862205
si,2033,q3,b1w,11.93363995
si,2033,q3,b2l,45.94375538
si,2033,q3,b2w,125.078125
si,2033,q3,b3l,133.8020118
si,2033,q3,b3w,385.8195677
si,2033,q3,b4,1983.921765
si,2033,q3,b5,941.8815296
si,2033,q3,b6,326.337287
si,2033,q4,b1l,4.260306644
si,2033,q4,b1w,12.5275063
si,2033,q4,b2l,43.79247494
si,2033,q4,b2w,117.4620027
si,2033,q4,b3l,127.0044014
si,2033,q4,b3w,368.8237662
si,2033,q4,b4,1932.442664
si,2033,q4,b5,939.8727884
si,2033,q4,b6,327.2811488
si,2034,q1,b1l,3.919967924
si,2034,q1,b1w,11.35326367
si,2034,q1,b2l,42.7708827
si,2034,q1,b2w,119.6020607
si,2034,q1,b3l,129.4334229
si,2034,q1,b3w,374.8162747
si,2034,q1,b4,1841.665042
si,2034,q1,b5,926.2645929
si,2034,q1,b6,319.9233023
si,2034,q2,b1l,4.038040753
si,2034,q2,b1w,11.78844301
si,2034,q2,b2l,45.76768948
si,2034,q2,b2w,131.8246811
si,2034,q2,b3l,134.6258977
si,2034,q2,b3w,377.9621178
si,2034,q2,b4,1900.09772
si,2034,q2,b5,922.4101487
si,2034,q2,b6,322.0389473
si,2034,q3,b1l,4.068507437
si,2034,q3,b1w,12.0239566
si,2034,q3,b2l,46.29053867
si,2034,q3,b2w,126.0287652
si,2034,q3,b3l,134.8038241
si,2034,q3,b3w,388.6633348
si,2034,q3,b4,1997.734071
si,2034,q3,b5,947.8153886
si,2034,q3,b6,328.1957993
si,2034,q4,b1l,4.2900016
si,2034,q4,b1w,12.61464381
si,2034,q4,b2l,44.10380325
si,2034,q4,b2w,118.3081698
si,2034,q4,b3l,127.9105104
si,2034,q4,b3w,371.4260082
si,2034,q4,b4,1945.491549
si,2034,q4,b5,945.7050775
si,2034,q4,b6,329.1673735
si,2035,q1,b1l,3.949091713
si,2035,q1,b1w,11.43791362
si,2035,q1,b2l,43.09144551
si,2035,q1,b2w,120.5012151
si,2035,q1,b3l,130.3987463
si,2035,q1,b3w,377.5778856
si,2035,q1,b4,1854.47841
si,2035,q1,b5,932.1137055
si,2035,q1,b6,321.7488007
si,2035,q2,b1l,4.068429854
si,2035,q2,b1w,11.87722523
si,2035,q2,b2l,46.10985811
si,2035,q2,b2w,132.8009641
si,2035,q2,b3l,135.6298407
si,2035,q2,b3w,380.7626851
si,2035,q2,b4,1913.376063
si,2035,q2,b5,928.2039933
si,2035,q2,b6,323.8717055
si,2035,q3,b1l,4.100197785
si,2035,q3,b1w,12.11735325
si,2035,q3,b2l,46.64909572
si,2035,q3,b2w,127.0109158
si,2035,q3,b3l,135.838895
si,2035,q3,b3w,391.6016033
si,2035,q3,b4,2012.006849
si,2035,q3,b5,953.9476739
si,2035,q3,b6,330.1168689
si,2035,q4,b1l,4.320759293
si,2035,q4,b1w,12.70489409
si,2035,q4,b2l,44.42576398
si,2035,q4,b2w,119.1822053
si,2035,q4,b3l,128.846484
si,2035,q4,b3w,374.1140609
si,2035,q4,b4,1958.971431
si,2035,q4,b5,951.7303003
si,2035,q4,b6,331.116175
si,2036,q1,b1l,3.977628737
si,2036,q1,b1w,11.52089743
si,2036,q1,b2l,43.40593917
si,2036,q1,b2w,121.3840888
si,2036,q1,b3l,131.3466107
si,2036,q1,b3w,380.289653
si,2036,q1,b4,1867.05974
si,2036,q1,b5,937.857982
si,2036,q1,b6,323.5417066
si,2036,q2,b1l,4.098186927
si,2036,q2,b1w,11.96418143
si,2036,q2,b2l,46.44499478
si,2036,q2,b2w,133.7572359
si,2036,q2,b3l,136.6142704
si,2036,q2,b3w,383.5104056
si,2036,q2,b4,1926.404162
si,2036,q2,b5,933.890092
si,2036,q2,b6,325.6704712
si,2036,q3,b1l,4.131253547
si,2036,q3,b1w,12.20888188
si,2036,q3,b2l,47.00055745
si,2036,q3,b2w,127.9746993
si,2036,q3,b3l,136.8545756
si,2036,q3,b3w,394.4848595
si,2036,q3,b4,2026.011989
si,2036,q3,b5,959.9665096
si,2036,q3,b6,332.0023744
si,2036,q4,b1l,4.35084081
si,2036,q4,b1w,12.79316994
si,2036,q4,b2l,44.74135884
si,2036,q4,b2w,120.0404048
si,2036,q4,b3l,129.7655007
si,2036,q4,b3w,376.753484
si,2036,q4,b4,1972.208936
si,2036,q4,b5,957.6488688
si,2036,q4,b6,333.030728
si,2037,q1,b1l,4.006363246
si,2037,q1,b1w,11.60445432
si,2037,q1,b2l,43.72259925
si,2037,q1,b2w,122.2730379
si,2037,q1,b3l,132.3010059
si,2037,q1,b3w,383.0201414
si,2037,q1,b4,1879.728117
si,2037,q1,b5,943.6426746
si,2037,q1,b6,325.3473405
si,2037,q2,b1l,4.128142907
si,2037,q2,b1w,12.05171762
si,2037,q2,b2l,46.78236429
si,2037,q2,b2w,134.7198709
si,2037,q2,b3l,137.6052197
si,2037,q2,b3w,386.2763138
si,2037,q2,b4,1939.519056
si,2037,q2,b5,939.6148459
si,2037,q2,b6,327.4815737
si,2037,q3,b1l,4.162516514
si,2037,q3,b1w,12.30102172
si,2037,q3,b2l,47.35436309
si,2037,q3,b2w,128.9448839
si,2037,q3,b3l,137.8770089
si,2037,q3,b3w,397.387331
si,2037,q3,b4,2040.110833
si,2037,q3,b5,966.0264397
si,2037,q3,b6,333.9008553
si,2037,q4,b1l,4.381131232
si,2037,q4,b1w,12.88205926
si,2037,q4,b2l,45.05913666
si,2037,q4,b2w,120.9045185
si,2037,q4,b3l,130.6908541
si,2037,q4,b3w,379.4111396
si,2037,q4,b4,1985.538617
si,2037,q4,b5,963.6093993
si,2037,q4,b6,334.9589629
si,2038,q1,b1l,4.035216464
si,2038,q1,b1w,11.68836261
si,2038,q1,b2l,44.0406309
si,2038,q1,b2w,123.1659672
si,2038,q1,b3l,133.2596881
si,2038,q1,b3w,385.7629582
si,2038,q1,b4,1892.453529
si,2038,q1,b5,949.454021
si,2038,q1,b6,327.1613704
si,2038,q2,b1l,4.158214255
si,2038,q2,b1w,12.13959367
si,2038,q2,b2l,47.12104186
si,2038,q2,b2w,135.6862379
si,2038,q2,b3l,138.6001745
si,2038,q2,b3w,389.0536717
si,2038,q2,b4,1952.68851
si,2038,q2,b5,945.3641447
si,2038,q2,b6,329.300502
si,2038,q3,b1l,4.193904519
si,2038,q3,b1w,12.39353095
si,2038,q3,b2l,47.70959832
si,2038,q3,b2w,129.9191549
si,2038,q3,b3l,138.9037405
si,2038,q3,b3w,400.3020343
si,2038,q3,b4,2054.269063
si,2038,q3,b5,972.1127129
si,2038,q3,b6,335.8076095
si,2038,q4,b1l,4.411537438
si,2038,q4,b1w,12.97129055
si,2038,q4,b2l,45.37824938
si,2038,q4,b2w,121.7725037
si,2038,q4,b3l,131.6203578
si,2038,q4,b3w,382.0807527
si,2038,q4,b4,1998.929047
si,2038,q4,b5,969.5979031
si,2038,q4,b6,336.8963628
si,2039,q1,b1l,4.064189337
si,2039,q1,b1w,11.77261902
si,2039,q1,b2l,44.35998529
si,2039,q1,b2w,124.0626287
si,2039,q1,b3l,134.2223882
si,2039,q1,b3w,388.5173226
si,2039,q1,b4,1905.232107
si,2039,q1,b5,955.2900862
si,2039,q1,b6,328.983156
si,2039,q2,b1l,4.188401339
si,2039,q2,b1w,12.22780698
si,2039,q2,b2l,47.46101488
si,2039,q2,b2w,136.6562872
si,2039,q2,b3l,139.5989171
si,2039,q2,b3w,391.8416256
si,2039,q2,b4,1965.90833
si,2039,q2,b5,951.1359662
si,2039,q2,b6,331.1265903
si,2039,q3,b1l,4.225415067
si,2039,q3,b1w,12.48640161
si,2039,q3,b2l,48.06621832
si,2039,q3,b2w,130.8972156
si,2039,q3,b3l,139.9344536
si,2039,q3,b3w,403.2280589
si,2039,q3,b4,2068.482075
si,2039,q3,b5,978.2231327
si,2039,q3,b6,337.7219069
si,2039,q4,b1l,4.442068284
si,2039,q4,b1w,13.06088831
si,2039,q4,b2l,45.69868254
si,2039,q4,b2w,122.6441019
si,2039,q4,b3l,132.5537311
si,2039,q4,b3w,384.7615066
si,2039,q4,b4,2012.375928
si,2039,q4,b5,975.6122687
si,2039,q4,b6,338.8422016
si,2040,q1,b1l,4.09327085
si,2040,q1,b1w,11.85720378
si,2040,q1,b2l,44.68066085
si,2040,q1,b2w,124.9632411
si,2040,q1,b3l,135.1893385
si,2040,q1,b3w,391.2838874
si,2040,q1,b4,1918.067116
si,2040,q1,b5,961.1523235
si,2040,q1,b6,330.8131353
si,2040,q2,b1l,4.218695592
si,2040,q2,b1w,12.31634025
si,2040,q2,b2l,47.80222318
si,2040,q2,b2w,137.6298765
si,2040,q2,b3l,140.6016491
si,2040,q2,b3w,394.6412401
si,2040,q2,b4,1979.183542
si,2040,q2,b5,956.9324892
si,2040,q2,b6,332.9605144
si,2040,q3,b1l,4.257045476
si,2040,q3,b1w,12.57962685
si,2040,q3,b2l,48.42422626
si,2040,q3,b2w,131.8794383
si,2040,q3,b3l,140.9695492
si,2040,q3,b3w,406.1665485
si,2040,q3,b4,2082.755439
si,2040,q3,b5,984.3600918
si,2040,q3,b6,339.6445173
si,2040,q4,b1l,4.472695448
si,2040,q4,b1w,13.150772
si,2040,q4,b2l,46.02035854
si,2040,q4,b2w,123.5195492
si,2040,q4,b3l,133.4912265
si,2040,q4,b3w,387.4541233
si,2040,q4,b4,2025.882826
si,2040,q4,b5,981.6540197
si,2040,q4,b6,340.7969576
si,2041,q1,b1l,4.122457349
si,2041,q1,b1w,11.94209956
si,2041,q1,b2l,45.00255217
si,2041,q1,b2w,125.8673861
si,2041,q1,b3l,136.1600924
si,2041,q1,b3w,394.0613837
si,2041,q1,b4,1930.952412
si,2041,q1,b5,967.0379901
si,2041,q1,b6,332.650454
si,2041,q2,b1l,4.249089283
si,2041,q2,b1w,12.40516628
si,2041,q2,b2l,48.14455675
si,2041,q2,b2w,138.6066721
si,2041,q2,b3l,141.6078285
si,2041,q2,b3w,397.4507126
si,2041,q2,b4,1992.50564
si,2041,q2,b5,962.7500529
si,2041,q2,b6,334.8011029
si,2041,q3,b1l,4.288784128
si,2041,q3,b1w,12.67317158
si,2041,q3,b2l,48.78346912
si,2041,q3,b2w,132.8651917
si,2041,q3,b3l,142.0083505
si,2041,q3,b3w,409.1155734
si,2041,q3,b4,2097.079812
si,2041,q3,b5,990.5196169
si,2041,q3,b6,341.5741578
si,2041,q4,b1l,4.503424272
si,2041,q4,b1w,13.24095594
si,2041,q4,b2l,46.34321207
si,2041,q4,b2w,124.3984212
si,2041,q4,b3l,134.4323901
si,2041,q4,b3w,390.1573012
si,2041,q4,b4,2039.44329
si,2041,q4,b5,987.7203995
si,2041,q4,b6,342.7597551
si,2042,q1,b1l,4.152051324
si,2042,q1,b1w,12.02816341
si,2042,q1,b2l,45.32876806
si,2042,q1,b2w,126.7833744
si,2042,q1,b3l,137.1435629
si,2042,q1,b3w,396.8752862
si,2042,q1,b4,1944.00696
si,2042,q1,b5,973.0015078
si,2042,q1,b6,334.5121741
si,2042,q2,b1l,4.279900217
si,2042,q2,b1w,12.49520105
si,2042,q2,b2l,48.49154122
si,2042,q2,b2w,139.5966998
si,2042,q2,b3l,142.627168
si,2042,q2,b3w,400.2963005
si,2042,q2,b4,2005.999571
si,2042,q2,b5,968.6432275
si,2042,q2,b6,336.6657189
si,2042,q3,b1l,4.320948027
si,2042,q3,b1w,12.76796947
si,2042,q3,b2l,49.14748793
si,2042,q3,b2w,133.8635789
si,2042,q3,b3l,143.0604844
si,2042,q3,b3w,412.1025046
si,2042,q3,b4,2111.588936
si,2042,q3,b5,996.7592473
si,2042,q3,b6,343.5290197
si,2042,q4,b1l,4.534606041
si,2042,q4,b1w,13.33246639
si,2042,q4,b2l,46.67053816
si,2042,q4,b2w,125.2888745
si,2042,q4,b3l,135.3859561
si,2042,q4,b3w,392.8961147
si,2042,q4,b4,2053.182902
si,2042,q4,b5,993.8674652
si,2042,q4,b6,344.7487149
si,2043,q1,b1l,4.181745998
si,2043,q1,b1w,12.11453169
si,2043,q1,b2l,45.65620982
si,2043,q1,b2w,127.7030301
si,2043,q1,b3l,138.1309775
si,2043,q1,b3w,399.7005068
si,2043,q1,b4,1957.113538
si,2043,q1,b5,978.9892356
si,2043,q1,b6,336.3814529
si,2043,q2,b1l,4.31080489
si,2043,q2,b1w,12.58551533
si,2043,q2,b2l,48.8396023
si,2043,q2,b2w,140.5898063
si,2043,q2,b3l,143.6499887
si,2043,q2,b3w,403.1520722
si,2043,q2,b4,2019.541853
si,2043,q2,b5,974.5580607
si,2043,q2,b6,338.5371666
si,2043,q3,b1l,4.353217744
si,2043,q3,b1w,12.86307979
si,2043,q3,b2l,49.5127264
si,2043,q3,b2w,134.8656236
si,2043,q3,b3l,144.1164551
si,2043,q3,b3w,415.1003303
si,2043,q3,b4,2126.150638
si,2043,q3,b5,1003.022054
si,2043,q3,b6,345.4910725
si,2043,q4,b1l,4.565876241
si,2043,q4,b1w,13.42423941
si,2043,q4,b2l,46.99901003
si,2043,q4,b2w,126.1828831
si,2043,q4,b3l,136.3433261
si,2043,q4,b3w,395.6458684
si,2043,q4,b4,2066.977907
si,2043,q4,b5,1000.039931
si,2043,q4,b6,346.7459467
si,2044,q1,b1l,4.211551802
si,2044,q1,b1w,12.20122238
si,2044,q1,b2l,45.98487051
si,2044,q1,b2w,128.6261109
si,2044,q1,b3l,139.1220829
si,2044,q1,b3w,402.5363478
si,2044,q1,b4,1970.269069
si,2044,q1,b5,984.9997356
si,2044,q1,b6,338.2578825
si,2044,q2,b1l,4.341817383
si,2044,q2,b1w,12.67614345
si,2044,q2,b2l,49.18886918
si,2044,q2,b2w,141.5863416
si,2044,q2,b3l,144.6763131
si,2044,q2,b3w,406.0176236
si,2044,q2,b4,2033.130756
si,2044,q2,b5,980.4938119
si,2044,q2,b6,340.4152811
si,2044,q3,b1l,4.385600286
si,2044,q3,b1w,12.95852343
si,2044,q3,b2l,49.87924184
si,2044,q3,b2w,135.871141
si,2044,q3,b3l,145.1760809
si,2044,q3,b3w,418.1085727
si,2044,q3,b4,2140.762992
si,2044,q3,b5,1009.3073
si,2044,q3,b6,347.460168
si,2044,q4,b1l,4.597264111
si,2044,q4,b1w,13.51635839
si,2044,q4,b2l,47.32871348
si,2044,q4,b2w,127.0802319
si,2044,q4,b3l,137.3042774
si,2044,q4,b3w,398.405941
si,2044,q4,b4,2080.825186
si,2044,q4,b5,1006.236373
si,2044,q4,b6,348.7510007
si,2045,q1,b1l,4.241477682
si,2045,q1,b1w,12.28826883
si,2045,q1,b2l,46.31492156
si,2045,q1,b2w,129.5532302
si,2045,q1,b3l,140.1175323
si,2045,q1,b3w,405.3846616
si,2045,q1,b4,1983.48206
si,2045,q1,b5,991.0369752
si,2045,q1,b6,340.1426923
si,2045,q2,b1l,4.372943806
si,2045,q2,b1w,12.76710702
si,2045,q2,b2l,49.53942659
si,2045,q2,b2w,142.5865566
si,2045,q2,b3l,145.7065998
si,2045,q2,b3w,408.8945171
si,2045,q2,b4,2046.773572
si,2045,q2,b5,986.4536838
si,2045,q2,b6,342.3010425
si,2045,q3,b1l,4.418106611
si,2045,q3,b1w,13.05433236
si,2045,q3,b2l,50.24716994
si,2045,q3,b2w,136.8807041
si,2045,q3,b3l,146.2399577
si,2045,q3,b3w,421.1289009
si,2045,q3,b4,2155.43386
si,2045,q3,b5,1015.618364
si,2045,q3,b6,349.4373215
si,2045,q4,b1l,4.628768339
si,2045,q4,b1w,13.60882102
si,2045,q4,b2l,47.65976827
si,2045,q4,b2w,127.9815136
si,2045,q4,b3l,138.2694372
si,2045,q4,b3w,401.178119
si,2045,q4,b4,2094.733715
si,2045,q4,b5,1012.460891
si,2045,q4,b6,350.7652089
si,2046,q1,b1l,4.271522905
si,2046,q1,b1w,12.37566897
si,2046,q1,b2l,46.64635529
si,2046,q1,b2w,130.4843709
si,2046,q1,b3l,141.1173104
si,2046,q1,b3w,408.2454155
si,2046,q1,b4,1996.752571
si,2046,q1,b5,997.1009467
si,2046,q1,b6,342.0358862
si,2046,q2,b1l,4.404186502
si,2046,q2,b1w,12.85841363
si,2046,q2,b2l,49.89130574
si,2046,q2,b2w,143.5905465
si,2046,q2,b3l,146.7409537
si,2046,q2,b3w,411.7830645
si,2046,q2,b4,2060.471888
si,2046,q2,b5,992.4383635
si,2046,q2,b6,344.1946973
si,2046,q3,b1l,4.45073835
si,2046,q3,b1w,13.15051213
si,2046,q3,b2l,50.61653576
si,2046,q3,b2w,137.8943987
si,2046,q3,b3l,147.308187
si,2046,q3,b3w,424.1616206
si,2046,q3,b4,2170.164905
si,2046,q3,b5,1021.955932
si,2046,q3,b6,351.4227973
si,2046,q4,b1l,4.660388607
si,2046,q4,b1w,13.70162636
si,2046,q4,b2l,47.99217213
si,2046,q4,b2w,128.8867288
si,2046,q4,b3l,139.2388135
si,2046,q4,b3w,403.9624381
si,2046,q4,b4,2108.70369
si,2046,q4,b5,1018.713503
si,2046,q4,b6,352.7885726
si,2047,q1,b1l,4.300149059
si,2047,q1,b1w,12.45900917
si,2047,q1,b2l,46.9628203
si,2047,q1,b2w,131.3747529
si,2047,q1,b3l,142.0733837
si,2047,q1,b3w,410.9813203
si,2047,q1,b4,2009.439527
si,2047,q1,b5,1002.898154
si,2047,q1,b6,343.8454506
si,2047,q2,b1l,4.433935504
si,2047,q2,b1w,12.94539178
si,2047,q2,b2l,50.2265059
si,2047,q2,b2w,144.5470031
si,2047,q2,b3l,147.7281578
si,2047,q2,b3w,414.5425467
si,2047,q2,b4,2073.555669
si,2047,q2,b5,998.1548636
si,2047,q2,b6,346.0031334
si,2047,q3,b1l,4.481861477
si,2047,q3,b1w,13.2422491
si,2047,q3,b2l,50.96897067
si,2047,q3,b2w,138.8634469
si,2047,q3,b3l,148.3292158
si,2047,q3,b3w,427.0601983
si,2047,q3,b4,2184.239823
si,2047,q3,b5,1028.011709
si,2047,q3,b6,353.3192433
si,2047,q4,b1l,4.69041372
si,2047,q4,b1w,13.78976523
si,2047,q4,b2l,48.309
si,2047,q4,b2w,129.7519709
si,2047,q4,b3l,140.1653821
si,2047,q4,b3w,406.6238944
si,2047,q4,b4,2122.058544
si,2047,q4,b5,1024.691829
si,2047,q4,b6,354.7232626
si,2048,q1,b1l,4.328848592
si,2048,q1,b1w,12.54256944
si,2048,q1,b2l,47.28016263
si,2048,q1,b2w,132.2677394
si,2048,q1,b3l,143.0322674
si,2048,q1,b3w,413.7253272
si,2048,q1,b4,2022.163769
si,2048,q1,b5,1008.712865
si,2048,q1,b6,345.6605269
si,2048,q2,b1l,4.463750941
si,2048,q2,b1w,13.03256705
si,2048,q2,b2l,50.56246474
si,2048,q2,b2w,145.5056281
si,2048,q2,b3l,148.7177702
si,2048,q2,b3w,417.3090418
si,2048,q2,b4,2086.673056
si,2048,q2,b5,1003.88663
si,2048,q2,b6,347.8164427
si,2048,q3,b1l,4.513057945
si,2048,q3,b1w,13.33420315
si,2048,q3,b2l,51.3222512
si,2048,q3,b2w,139.8349904
si,2048,q3,b3l,149.3528686
si,2048,q3,b3w,429.9662635
si,2048,q3,b4,2198.351243
si,2048,q3,b5,1034.083832
si,2048,q3,b6,355.2208197
si,2048,q4,b1l,4.720506519
si,2048,q4,b1w,13.87810486
si,2048,q4,b2l,48.62666746
si,2048,q4,b2w,130.6197587
si,2048,q4,b3l,141.0946816
si,2048,q4,b3w,409.2932247
si,2048,q4,b4,2135.453454
si,2048,q4,b5,1030.688708
si,2048,q4,b6,356.6640267
si,2049,q1,b1l,4.357658552
si,2049,q1,b1w,12.62645292
si,2049,q1,b2l,47.59874255
si,2049,q1,b2w,133.1642501
si,2049,q1,b3l,143.9949391
si,2049,q1,b3w,416.4802052
si,2049,q1,b4,2034.938104
si,2049,q1,b5,1014.550933
si,2049,q1,b6,347.4829175
si,2049,q2,b1l,4.4936717
si,2049,q2,b1w,13.12005032
si,2049,q2,b2l,50.89960682
si,2049,q2,b2w,146.467617
si,2049,q2,b3l,149.710902
si,2049,q2,b3w,420.0854673
si,2049,q2,b4,2099.837539
si,2049,q2,b5,1009.639533
si,2049,q2,b6,349.6364493
si,2049,q3,b1l,4.544366897
si,2049,q3,b1w,13.42648929
si,2049,q3,b2l,51.6768086
si,2049,q3,b2w,140.8100918
si,2049,q3,b3l,150.3802599
si,2049,q3,b3w,432.8829553
si,2049,q3,b4,2212.513973
si,2049,q3,b5,1040.178667
si,2049,q3,b6,357.1294875
si,2049,q4,b1l,4.750711373
si,2049,q4,b1w,13.96677468
si,2049,q4,b2l,48.94556463
si,2049,q4,b2w,131.490991
si,2049,q4,b3l,142.0276658
si,2049,q4,b3w,411.9731524
si,2049,q4,b4,2148.901961
si,2049,q4,b5,1036.710189
si,2049,q4,b6,358.6128135
si,2050,q1,b1l,4.386580132
si,2050,q1,b1w,12.71066347
si,2050,q1,b2l,47.9185792
si,2050,q1,b2w,134.0643515
si,2050,q1,b3l,144.9614765
si,2050,q1,b3w,419.2461981
si,2050,q1,b4,2047.763736
si,2050,q1,b5,1020.412896
si,2050,q1,b6,349.3128316
si,2050,q2,b1l,4.523698879
si,2050,q2,b1w,13.207845
si,2050,q2,b2l,51.23794718
si,2050,q2,b2w,147.4330206
si,2050,q2,b3l,150.7076125
si,2050,q2,b3w,422.8720217
si,2050,q2,b4,2113.050369
si,2050,q2,b5,1015.414103
si,2050,q2,b6,351.4633803
si,2050,q3,b1l,4.575788519
si,2050,q3,b1w,13.51910816
si,2050,q3,b2l,52.03264643
si,2050,q3,b2w,141.7887657
si,2050,q3,b3l,151.4114144
si,2050,q3,b3w,435.8103708
si,2050,q3,b4,2226.728873
si,2050,q3,b5,1046.296554
si,2050,q3,b6,359.0454102
si,2050,q4,b1l,4.78102994
si,2050,q4,b1w,14.05577942
si,2050,q4,b2l,49.26571171
si,2050,q4,b2w,132.3657327
si,2050,q4,b3l,142.964409
si,2050,q4,b3w,414.6639029
si,2050,q4,b4,2162.405231
si,2050,q4,b5,1042.756765
si,2050,q4,b6,360.5697902
